,a,b,c,d,alpha1,beta1,gamma1,delta1,eps1,dseta1,eta1,alpha2,beta2,gamma2,delta2,eps2,dseta2,eta2,dist,subpopulation,perturb_type,perturb_type_x_subpopulation
0,0.538206898709364,0.7446493251277944,-0.0345346011561622,0.3478726484112475,0,0,0,0,0,-0.000161444071874,0,0.0006210356798005,0,0,0,0,0,0,26.969460942496724,0,SC,SC
1,0.6395960365352336,0.7924302362089697,-0.1233846489267391,0.2117599532035887,0,0,0,0,0,-0.0001815949490254,0,0.0002632693056781,0,0,0,0,0,0,26.86354454664665,0,SC,SC
2,0.9664699957014796,0.4659374938039491,-0.4098844803606396,-0.1411973157416981,0,0,0,0,0,-0.0001848952890836,0,0.0005404738473475,0,0,0,0,0,0,25.498861853336223,0,SC,SC
3,0.4588758272281228,0.6344824327990386,-0.0326851110028691,0.5291475682798121,0,0,0,0,0,-9.098144762476066e-05,0,-2.244435770849762e-05,0,0,0,0,0,0,28.93325060432117,0,SC,SC
4,0.9505331957610466,0.4228880328080051,-0.562751204941843,-0.005285450513246,0,0,0,0,0,-0.0001419417378538,0,-0.0003605873007881,0,0,0,0,0,0,26.27134862263453,0,SC,SC
5,0.92023947223174,0.5037274586536111,-0.4327505828622566,-0.1349023644706684,0,0,0,0,0,-0.0001307356579606,0,0.0008105365753415,0,0,0,0,0,0,24.05657131660767,0,SC,SC
6,0.1845656175919501,0.8029732333785891,-0.0562183487653284,0.6344650957790807,0,0,0,0,0,3.5273766581210266e-05,0,0.0010548859636544,0,0,0,0,0,0,26.898783740321296,0,SC,SC
7,0.226191131779283,0.6623505297618326,-0.2712708876864711,0.94494112615067,0,0,0,0,0,3.4159345595328806e-05,0,0.0002898287815552,0,0,0,0,0,0,23.80490395725241,0,SC,SC
8,0.3829538897377293,0.5158512501751944,-0.2041466239418299,0.8416753284840022,0,0,0,0,0,2.34619848655226e-05,0,-0.0004712771303674,0,0,0,0,0,0,27.91882749130625,0,SC,SC
9,-0.4121149221947728,1.1757691082546708,-0.4965376529576559,1.2215513099236055,0,0,0,0,0,0.0001072736248782,0,0.0007578072289595,0,0,0,0,0,0,28.175122708064205,0,SC,SC
10,0.5100553504806502,0.4528671414559775,-0.113991577097702,0.6268024697913015,0,0,0,0,0,-2.407261319018792e-05,0,0.0014278663063937,0,0,0,0,0,0,29.0066834218916,0,SC,SC
11,0.8771230428688095,0.2926099823167138,-0.5951841242791911,0.0851104859591092,0,0,0,0,0,-8.799140281809659e-05,0,0.0013700508928768,0,0,0,0,0,0,27.61285812865013,0,SC,SC
12,0.9834985865537668,0.3476860655839107,-0.5302493619649418,0.0870647182353709,0,0,0,0,0,-0.0001846926915948,0,0.0005444223231979,0,0,0,0,0,0,21.589537156267447,0,SC,SC
13,0.1069275763474495,0.6929215969524893,-0.5280924495136594,1.2479749648156568,0,0,0,0,0,1.219789933571649e-05,0,0.000124910241461,0,0,0,0,0,0,26.57544848787598,0,SC,SC
14,0.4406889704287553,0.8419919770555815,0.043182935455214,0.2181920166716282,0,0,0,0,0,-0.0001125353623168,0,0.0024608505229218,0,0,0,0,0,0,30.27228761176609,0,SC,SC
15,0.9545458693087916,0.5711242410304873,-0.3928216284929742,0.0630388492422175,0,0,0,0,0,-0.0001674362294154,0,0.001022258754108,0,0,0,0,0,0,26.222222232280995,0,SC,SC
16,0.0711672101725771,1.1025534715858116,-0.2038828187911334,0.8444603287421373,0,0,0,0,0,-0.000104633212576,0,0.000201322521971,0,0,0,0,0,0,29.578669863338224,0,SC,SC
17,0.0390241533463551,0.7216006450400743,-0.3283043150439504,1.033964345839144,0,0,0,0,0,7.503682153915979e-05,0,-0.0005622533519626,0,0,0,0,0,0,25.47013056695943,0,SC,SC
18,0.1911399581831729,0.9934400059952396,0.028443818274614,0.5155607719071837,0,0,0,0,0,-7.086298898705175e-05,0,-0.0003023537484126,0,0,0,0,0,0,28.161262539972835,0,SC,SC
19,0.3898087368274536,0.9953470993350386,0.0490620188163219,0.296468743075752,0,0,0,0,0,-0.0001573758777919,0,0.0002078228648784,0,0,0,0,0,0,26.25312254797032,0,SC,SC
20,0.7231924448817746,0.4799219031283139,-0.1371491876560309,0.0614525624827391,0,0,0,0,0,-0.0001032777833806,0,0.0014279310442604,0,0,0,0,0,0,28.15769292894408,0,SC,SC
21,0.961903842412291,0.2960919859686921,-0.5734510776557695,0.1245617592286034,0,0,0,0,0,-0.0001574352610808,0,0.0002858902603962,0,0,0,0,0,0,23.367980078117508,0,SC,SC
22,0.2617250718542743,0.4617867586439121,-0.2223937363478754,0.8993938477984678,0,0,0,0,0,8.73939717129531e-05,0,0.0002621803386988,0,0,0,0,0,0,26.667368595678763,0,SC,SC
23,0.2939023913582765,0.830125652309551,-0.0595829392733582,0.6445785338468921,0,0,0,0,0,-6.85675075897767e-05,0,0.0006507192817517,0,0,0,0,0,0,26.55054114086279,0,SC,SC
24,1.040143270923731,0.320402222036753,-0.6619742627108463,0.0129851953196133,0,0,0,0,0,-0.0001402577091438,0,0.0005298434847302,0,0,0,0,0,0,20.14221334283015,0,SC,SC
25,0.9375179488604864,0.3733962406858251,-0.5204498527042474,0.0625370619592642,0,0,0,0,0,-0.0001202407457722,0,0.0017031451667251,0,0,0,0,0,0,24.677772816523326,0,SC,SC
26,0.8595258341212269,0.4582079542745836,-0.3675125045329879,0.0438959163506913,0,0,0,0,0,-0.0001321770841382,0,0.0003664858119206,0,0,0,0,0,0,23.999494275212925,0,SC,SC
27,-0.207764146335204,1.0344001458801229,-0.3213190392901168,1.0370726291554218,0,0,0,0,0,0.0001070181126217,0,5.493280630948672e-05,0,0,0,0,0,0,23.60587100752688,0,SC,SC
28,0.5951423412718349,0.548670746757479,-0.0265828719679279,0.1862941416323944,0,0,0,0,0,-8.033724167018798e-05,0,0.001688083588363,0,0,0,0,0,0,28.311690021298755,0,SC,SC
29,0.4419197415524665,1.0319911825553725,0.0227636734800786,0.2366361715770781,0,0,0,0,0,-0.0001727966667377,0,0.0003176514730726,0,0,0,0,0,0,25.87704970255204,0,SC,SC
30,0.9671227027774156,0.4830092929561931,-0.4897691130649877,-0.05346172822973,0,0,0,0,0,-0.0001755754824261,0,0.0008843117977509,0,0,0,0,0,0,22.36571787904492,0,SC,SC
31,1.0268931341377283,0.0821372853352864,-1.0910298293801224,0.2654888469320999,0,0,0,0,0,-0.00010095040784,0,0.000775545430658,0,0,0,0,0,0,28.00171304486096,0,SC,SC
32,1.0223071222718016,0.2539776856297959,-0.8453267741114234,-0.1201954459687844,0,0,0,0,0,-9.554184236688372e-05,0,0.0008328537588321,0,0,0,0,0,0,25.668287793766588,0,SC,SC
33,1.0257879050105876,0.4216963004065093,-0.6510983906180603,-0.0501103231532751,0,0,0,0,0,-0.0001065229135792,0,0.0004754028574484,0,0,0,0,0,0,25.194660157109595,0,SC,SC
34,1.008530389032134,0.219142492601891,-0.7640869785460642,0.215314048261956,0,0,0,0,0,-9.996554944392308e-05,0,0.0015609006937071,0,0,0,0,0,0,26.38638580617376,0,SC,SC
35,1.02060436183959,0.1224173195613098,-1.440904761306485,0.0218799529436828,0,0,0,0,0,-3.876953235135614e-05,0,0.0019445191216208,0,0,0,0,0,0,27.13113222505307,0,SC,SC
36,0.4620679893782355,0.6502474792566488,-0.0709241333363104,0.462962501061837,0,0,0,0,0,-5.6819269623754414e-05,0,0.0015609702586254,0,0,0,0,0,0,27.900676385125884,0,SC,SC
37,1.0835392847484355,0.4590047475185885,-0.5614772544327367,0.0619977928441062,0,0,0,0,0,-0.0001857280604989,0,-0.0001152505512266,0,0,0,0,0,0,21.166416888815224,0,SC,SC
38,0.9164097637430232,0.3892814001817841,-0.3989209036059127,0.0218392669590929,0,0,0,0,0,-0.0001493392597267,0,0.0014712118089113,0,0,0,0,0,0,26.36674658276136,0,SC,SC
39,1.1036128914185257,0.4317980759756046,-0.6305771624209984,0.0002277192398474,0,0,0,0,0,-0.0001981117844903,0,0.0010259305626576,0,0,0,0,0,0,21.768864378913207,0,SC,SC
40,0.1111688492632199,0.7889358819643051,-0.351707930337453,1.039523348813959,0,0,0,0,0,-5.029026263235804e-06,0,0.0009039833036242,0,0,0,0,0,0,26.62697892939429,0,SC,SC
41,0.0573880814283014,0.748551299996862,-0.4068986061941615,1.1678809830866492,0,0,0,0,0,6.581518196166258e-05,0,-0.0007504824535958,0,0,0,0,0,0,25.40958253408205,0,SC,SC
42,0.1407529562284923,0.6471475688003308,-0.4159414539117754,1.1458050468084535,0,0,0,0,0,5.408053598508472e-05,0,0.0006237344442119,0,0,0,0,0,0,23.158771298795624,0,SC,SC
43,1.015147911430716,0.2320618608720681,-0.8383245993197477,0.0841158193469882,0,0,0,0,0,-0.0001016510172806,0,-0.0001471379112429,0,0,0,0,0,0,22.10783562727099,0,SC,SC
44,0.7618707677285941,0.4755392681676689,-0.244129071325748,0.0508618461451018,0,0,0,0,0,-0.000128442753294,0,-2.4899705014793663e-05,0,0,0,0,0,0,28.07999896056665,0,SC,SC
45,1.0754728148736126,0.1911577604983381,-1.262044385347328,-0.1086418568346103,0,0,0,0,0,-6.179995185568353e-05,0,-0.0003477480970391,0,0,0,0,0,0,27.37778513057611,0,SC,SC
46,0.4365552764989386,0.8741564723524591,-0.0204854658601696,0.2507282865568578,0,0,0,0,0,-0.0001093365721244,0,0.0016379169035208,0,0,0,0,0,0,29.57230467202507,0,SC,SC
47,0.9946447707731512,0.3092014679675814,-0.5677056424330875,0.2026832650849872,0,0,0,0,0,-0.00018579395833,0,6.377615741200327e-05,0,0,0,0,0,0,22.75334512276151,0,SC,SC
48,0.5020611303377445,0.703656359331744,-0.0746116243949803,0.3354158933881561,0,0,0,0,0,-4.669615252933881e-05,0,-0.000183961191977,0,0,0,0,0,0,29.801905363491908,0,SC,SC
49,0.9027758101403948,0.2507454607238206,-0.8016234759952341,-0.0125908755051797,0,0,0,0,0,-3.857461381762067e-05,0,0.0022526061238759,0,0,0,0,0,0,29.611237964601667,0,SC,SC
50,0.3083252372111715,0.587086465100628,-0.2747868049761888,0.9357043230426436,0,0,0,0,0,1.2846798038301666e-05,0,0.0008858479909012,0,0,0,0,0,0,26.046392131403813,0,SC,SC
51,0.5436241858781399,0.9072295410613536,-0.0377894985078104,0.2938921851418117,0,0,0,0,0,-0.0001641115814393,0,0.0008453540981904,0,0,0,0,0,0,26.86139496348015,0,SC,SC
52,0.4584140625385609,0.5555525016630858,-0.040744277418109,0.4859056227256082,0,0,0,0,0,-1.441931499656324e-05,0,0.0005471872520204,0,0,0,0,0,0,27.56168178763976,0,SC,SC
53,0.7103363822736579,0.710695456801171,-0.1419459144121633,-0.0171968572383922,0,0,0,0,0,-0.0001432652534004,0,0.0011342976547052,0,0,0,0,0,0,26.08707603530487,0,SC,SC
54,0.3185872452882994,0.8265014753842723,-0.0801989948674422,0.6344611276023864,0,0,0,0,0,-2.312684029525416e-05,0,-0.0001290373892283,0,0,0,0,0,0,28.28365846329404,0,SC,SC
55,0.022819911483042,0.7650451973694778,-0.3180521265088138,1.0596457801792294,0,0,0,0,0,9.771227924505662e-05,0,-0.000150496821295,0,0,0,0,0,0,21.52314657948625,0,SC,SC
56,0.6348933261767922,0.5364298750614744,0.0548440441965731,-0.187504246193876,0,0,0,0,0,-4.769152920527373e-05,0,0.0001326576335705,0,0,0,0,0,0,33.68980864264864,0,SC,SC
57,0.1470782848916814,0.8678611732515153,-0.2377393971493859,0.927607765387556,0,0,0,0,0,9.371827630498152e-07,0,0.0003596204448714,0,0,0,0,0,0,23.86470267118668,0,SC,SC
58,1.0096879506810277,0.3786391096634776,-0.6019990357055784,-0.0326554236299276,0,0,0,0,0,-0.0001249108646008,0,0.001247989283707,0,0,0,0,0,0,23.07583605513307,0,SC,SC
59,0.3682115095673586,0.8178740908211934,0.0138980053598491,0.4446254634424464,0,0,0,0,0,-7.27718570581956e-05,0,0.0010198758383352,0,0,0,0,0,0,26.57306818959839,0,SC,SC
60,0.8755466740381257,0.6286844991243266,-0.3247846304389252,-0.1247596919450417,0,0,0,0,0,-0.0001418440617326,0,0.0003621944286701,0,0,0,0,0,0,25.09701201090732,0,SC,SC
61,-0.069386352421362,1.042957696130343,-0.2599328021821323,0.9563395148451876,0,0,0,0,0,-3.356022455244468e-06,0,0.0007681140800914,0,0,0,0,0,0,25.12716681419628,0,SC,SC
62,0.3605328532138383,0.5819633563532602,-0.1194985908913794,0.7527546599066244,0,0,0,0,0,1.100291313543469e-05,0,0.0014622175951011,0,0,0,0,0,0,29.12158298427484,0,SC,SC
63,0.9329966265725984,0.5837107191253228,-0.3288992308302623,0.1007521119160612,0,0,0,0,0,-0.0001778530386662,0,-6.022306434310343e-05,0,0,0,0,0,0,28.24402699690697,0,SC,SC
64,1.095090608037157,0.3491975956896107,-0.746871001880093,-0.0349122710517568,0,0,0,0,0,-0.0001353262295863,0,2.9073115166702304e-05,0,0,0,0,0,0,20.01497018809894,0,SC,SC
65,0.9661490313734112,0.3855311467362448,-0.6108499836936281,-0.0382449811498137,0,0,0,0,0,-0.000137186453099,0,-0.0002132478043601,0,0,0,0,0,0,25.472889365546653,0,SC,SC
66,-0.177791474556362,1.0535602691396004,-0.4742443369498168,1.2555213939780925,0,0,0,0,0,5.943987076851474e-05,0,0.0008361798245929,0,0,0,0,0,0,23.63151527122821,0,SC,SC
67,0.1071749314923296,0.7092570802808078,-0.1335485272979113,0.7816680590757388,0,0,0,0,0,9.303056207522243e-05,0,-0.0006853921854718,0,0,0,0,0,0,28.830628654723974,0,SC,SC
68,0.3033974077319818,0.815635009563513,-0.150330713282361,0.7460524612197523,0,0,0,0,0,-8.033056195812015e-05,0,0.0003711405681249,0,0,0,0,0,0,26.99425125300146,0,SC,SC
69,0.984763498338538,0.2725283879095745,-0.676262760603628,-0.0147318922004959,0,0,0,0,0,-0.0001163787198871,0,0.001653783339912,0,0,0,0,0,0,25.345770319995857,0,SC,SC
70,0.8896011943611213,0.6235779317267873,-0.3071199673693532,0.0455172930698424,0,0,0,0,0,-0.0001968279989934,0,0.0007788185325863,0,0,0,0,0,0,21.21829086311689,0,SC,SC
71,-0.3580366852109891,1.196596173334271,-0.3481412728029789,1.089069336815757,0,0,0,0,0,0.0001078450927169,0,0.0008210245318874,0,0,0,0,0,0,24.976888444857288,0,SC,SC
72,1.047423652780085,0.1922107600043592,-0.9279022513173144,0.1976311074954875,0,0,0,0,0,-0.0001135045795681,0,-0.0005782596735868,0,0,0,0,0,0,26.014580755264525,0,SC,SC
73,0.6688536380939256,0.7068605562932762,-0.0961166190148781,0.2037662734561225,0,0,0,0,0,-0.0001536069011957,0,0.0012784546261309,0,0,0,0,0,0,26.24115024606187,0,SC,SC
74,0.0287158544368844,1.0382298959661775,-0.2261917262539921,0.8849172092726065,0,0,0,0,0,-2.065914766622829e-05,0,-1.387390905257524e-05,0,0,0,0,0,0,26.050204539383365,0,SC,SC
75,0.7064649403750085,0.6270942694332229,-0.1093581628657105,0.074486186420116,0,0,0,0,0,-0.0001485053271572,0,0.00013463191251,0,0,0,0,0,0,25.93479687370632,0,SC,SC
76,0.5550521681625509,0.6770937702947917,-0.0377187606295692,0.22947276707787,0,0,0,0,0,-6.639077055273369e-05,0,-0.0001402921467399,0,0,0,0,0,0,28.3300295828454,0,SC,SC
77,0.0350853574792857,0.7466601552279175,-0.2317482505568509,0.9129543061548304,0,0,0,0,0,7.673967541094031e-05,0,-7.988369039089837e-05,0,0,0,0,0,0,25.26430366100147,0,SC,SC
78,0.5269272867919228,0.7898050627746676,-0.0589437709610096,0.3107655452199309,0,0,0,0,0,-0.0001121088289452,0,0.0008175644887219,0,0,0,0,0,0,26.603977614173097,0,SC,SC
79,0.0390892545405008,1.1657334529446133,-0.1458232984540319,0.7430001906334103,0,0,0,0,0,-5.787500195479438e-05,0,-4.563856804987054e-05,0,0,0,0,0,0,28.689270535183724,0,SC,SC
80,0.1409930457208701,0.8954436273593225,-0.0711729235684976,0.6487053739462776,0,0,0,0,0,-3.4419568520914994e-05,0,0.0006696900620852,0,0,0,0,0,0,27.014329465098108,0,SC,SC
81,0.981070546819136,0.3917454019673179,-0.536790316259216,0.0854354659331249,0,0,0,0,0,-0.000165388076734,0,0.0011637617585412,0,0,0,0,0,0,20.80861341812683,0,SC,SC
82,1.1017980904133138,0.2171153924680924,-0.964548441665768,-0.0019592340496039,0,0,0,0,0,-0.0001003043135239,0,0.0010793610275928,0,0,0,0,0,0,27.059323099591328,0,SC,SC
83,0.8658520835177579,0.5030142814324479,-0.2957217089783097,0.0731311728167933,0,0,0,0,0,-0.000179801902169,0,-0.0002398257596112,0,0,0,0,0,0,24.692468955823934,0,SC,SC
84,-0.2986568761387778,1.123136534769377,-0.2908101364932651,1.014249739476059,0,0,0,0,0,9.799963357396264e-05,0,-0.0005961389903276,0,0,0,0,0,0,27.2061495281736,0,SC,SC
85,0.6881663036477801,0.697518331872284,-0.1295628966782278,0.2261409869846149,0,0,0,0,0,-0.0001809662934239,0,0.0005458766860188,0,0,0,0,0,0,25.319363592519693,0,SC,SC
86,0.7255424598382851,0.5588756285877019,-0.1342846462255762,0.0166513127925265,0,0,0,0,0,-0.0001223172245333,0,0.0013990518267468,0,0,0,0,0,0,26.77740280882029,0,SC,SC
87,0.5320119214525887,0.8543117355272161,0.0728102740967489,0.0499509847412085,0,0,0,0,0,-0.0001624529665165,0,-0.0002355034120241,0,0,0,0,0,0,28.08459852727788,0,SC,SC
88,1.0611272989900216,0.1596713783423955,-1.026165366916317,0.1224329989706829,0,0,0,0,0,-0.0001136941237763,0,-0.0008721427193491,0,0,0,0,0,0,25.70557663402829,0,SC,SC
89,1.040307386640853,0.2935305642849002,-0.6772624936779399,0.0880070294325681,0,0,0,0,0,-0.0001504980523699,0,0.0009148887260827,0,0,0,0,0,0,19.49796818698623,0,SC,SC
90,0.8409473299750836,0.6920719230446104,-0.2365246918934356,0.0192687094760684,0,0,0,0,0,-0.000180134572733,0,0.0002004190651189,0,0,0,0,0,0,23.803662753139136,0,SC,SC
91,-0.0843459593635238,0.9347981854239248,-0.5901384588726828,1.3708174827494912,0,0,0,0,0,7.018452788476984e-05,0,-4.833354687855618e-05,0,0,0,0,0,0,26.00081862368851,0,SC,SC
92,-0.3707493125639414,1.2642180681771014,-0.4740989405721219,1.2717365384862518,0,0,0,0,0,7.932331031361102e-05,0,0.0003179556248929,0,0,0,0,0,0,21.697270021445654,0,SC,SC
93,0.6198425078436918,0.7036619215093278,-0.0712362785094307,0.3246033819997804,0,0,0,0,0,-0.0001684952701561,0,0.0012719810726216,0,0,0,0,0,0,27.17682535661748,0,SC,SC
94,0.2767348782615739,0.776195200720764,-0.0133710972940819,0.5240532222524461,0,0,0,0,0,-2.615992546112493e-05,0,0.0011942659940511,0,0,0,0,0,0,26.923386603604435,0,SC,SC
95,0.6762535465253974,0.6162976027905724,-0.1200972956538728,0.2019925839996368,0,0,0,0,0,-0.000142429887372,0,0.0020266662707256,0,0,0,0,0,0,27.59513613411399,0,SC,SC
96,0.946024720835148,0.4935066337340004,-0.4523843038017185,0.1050031206508319,0,0,0,0,0,-0.0001881139502206,0,0.0008772770706857,0,0,0,0,0,0,23.24183948353844,0,SC,SC
97,0.6084034679594059,0.6010246517016706,-0.0346763134923813,0.0548871380884365,0,0,0,0,0,-7.432265533521072e-05,0,0.001499003478889,0,0,0,0,0,0,28.15576594303991,0,SC,SC
98,-0.0839023457309617,1.210255426320868,-0.2294854727225725,0.913898760552323,0,0,0,0,0,-3.55772610205426e-05,0,0.0005836309587592,0,0,0,0,0,0,26.137948230640884,0,SC,SC
99,0.9553951797953228,0.3661084017929759,-0.626893475874061,-0.0183478111508859,0,0,0,0,0,-0.0001012506021376,0,0.0011169764999981,0,0,0,0,0,0,24.49686082005259,0,SC,SC
100,0.8171747325875511,0.3585768602647206,-0.435711586273976,-0.0527665803278563,0,0,0,0,0,-5.497644298789011e-05,0,0.0012726315805888,0,0,0,0,0,0,28.888777511292663,0,SC,SC
101,0.1792560786939661,0.9166412216088342,-0.1950441353200349,0.8545080493841386,0,0,0,0,0,-6.262353377271326e-05,0,0.0007987635611544,0,0,0,0,0,0,26.80732798350849,0,SC,SC
102,0.1969708587984113,0.8905367064505465,-0.0899291360772833,0.6737819024332703,0,0,0,0,0,-2.7781015100471685e-05,0,0.0005054829566528,0,0,0,0,0,0,25.24728494811166,0,SC,SC
103,0.5180935713351591,0.8585713061294649,0.0347836399170518,0.1695922341161853,0,0,0,0,0,-0.0001489654834332,0,3.6688660453396696e-05,0,0,0,0,0,0,26.44874171869588,0,SC,SC
104,0.2359013516294208,0.6253307062119657,-0.1039967295015242,0.7064660325612433,0,0,0,0,0,6.313523328010371e-05,0,0.0009846500062163,0,0,0,0,0,0,26.82933238199003,0,SC,SC
105,0.8189541293064839,0.4394720752471301,-0.2873132708349049,0.1071554012969326,0,0,0,0,0,-0.0001121809118518,0,0.0017605223441192,0,0,0,0,0,0,27.503295818433177,0,SC,SC
106,0.8840344808602962,0.5216133740632345,-0.3774340270763905,-0.1457449798420405,0,0,0,0,0,-0.0001144465007953,0,0.0006739183370496,0,0,0,0,0,0,25.68379429208932,0,SC,SC
107,0.1811497624683151,0.6132241581318514,-0.1902503097795402,0.8521300294167977,0,0,0,0,0,7.058622978403699e-05,0,0.0013145200788389,0,0,0,0,0,0,26.748493702427584,0,SC,SC
108,1.1059150783221194,0.356627218376083,-0.6461994005666203,0.0601376038959298,0,0,0,0,0,-0.0001978498007818,0,0.0004438261932406,0,0,0,0,0,0,17.964720764959143,0,SC,SC
109,-0.1285221831303726,1.0187566678430595,-0.1011908787542279,0.7171752920472314,0,0,0,0,0,8.872002740260375e-05,0,0.0006061652230569,0,0,0,0,0,0,29.47040212064229,0,SC,SC
110,0.7811837648417144,0.4299158705861527,-0.2869570122684168,0.1023743016637235,0,0,0,0,0,-7.049091618691626e-05,0,0.0010356036192984,0,0,0,0,0,0,28.271492612707167,0,SC,SC
111,0.0916212525614779,0.775367042387832,-0.2497990230710618,0.9711853065111812,0,0,0,0,0,5.217935883913199e-05,0,0.0005723049465833,0,0,0,0,0,0,22.596243803547168,0,SC,SC
112,0.0709287692010831,0.966242344815837,-0.1127897009369622,0.7816535164287619,0,0,0,0,0,-1.1189030487785323e-05,0,0.0001757478632171,0,0,0,0,0,0,25.56047211429752,0,SC,SC
113,0.9592004298645024,0.3621896635388952,-0.6228667204657836,-0.1686489124546106,0,0,0,0,0,-0.0001032414681443,0,-0.0002737256306002,0,0,0,0,0,0,26.64938416589061,0,SC,SC
114,0.2032604053133653,0.5872746582636141,-0.2578906835424777,0.9608312384879324,0,0,0,0,0,8.863298316822662e-05,0,0.0008430371686353,0,0,0,0,0,0,24.34247034974941,0,SC,SC
115,0.8939552727630242,0.5238527861264215,-0.380663460674203,-0.1189279384978188,0,0,0,0,0,-0.000114344710876,0,0.0011277074259811,0,0,0,0,0,0,26.27664348233613,0,SC,SC
116,0.4326606421401591,0.5526420177863565,-0.1112587994237246,0.6142543254580053,0,0,0,0,0,-2.6932206638638823e-05,0,0.0008562019723656,0,0,0,0,0,0,27.63669096922504,0,SC,SC
117,1.0427739952687811,0.2224680829202063,-0.7972557693456364,0.1860658363979537,0,0,0,0,0,-0.000162114226839,0,0.0001248325986323,0,0,0,0,0,0,23.823686671423417,0,SC,SC
118,0.9818169057285582,0.1060552027943058,-1.26607727919267,0.1917662765419394,0,0,0,0,0,-5.378039166117865e-05,0,-0.0017120863022936,0,0,0,0,0,0,28.935054348339776,0,SC,SC
119,0.3582194886020815,0.7463347787362737,-0.0919545012445253,0.5972967548046904,0,0,0,0,0,-3.275332253372549e-05,0,0.0003745213597125,0,0,0,0,0,0,26.468688844811613,0,SC,SC
120,0.0682900940911279,0.9695314274431897,-0.1818949697113698,0.8707875233673548,0,0,0,0,0,1.9694185790652165e-05,0,0.0008024624161526,0,0,0,0,0,0,25.611266108578047,0,SC,SC
121,0.2902224087604033,0.7830876991164022,0.1059478194893834,0.3363510449188416,0,0,0,0,0,5.856386116126e-06,0,-0.0002707811699955,0,0,0,0,0,0,30.236322313045697,0,SC,SC
122,0.3694196272062493,0.8437115513239579,-0.0318307581993739,0.4157570605957219,0,0,0,0,0,-9.832352699132304e-05,0,0.0009924583297504,0,0,0,0,0,0,27.64144391958036,0,SC,SC
123,0.9246630519797684,0.4606395549154558,-0.3594145661598107,0.0718494894212717,0,0,0,0,0,-0.000181054019594,0,-8.095471130661337e-05,0,0,0,0,0,0,24.298211826498733,0,SC,SC
124,1.0682576939096,0.291066456813204,-0.8700499422334196,0.0243598929305868,0,0,0,0,0,-8.371680468400688e-05,0,-0.0003764108181792,0,0,0,0,0,0,26.973666196202704,0,SC,SC
125,0.4486510791934024,0.6395075251064468,-6.97078025875264e-05,0.3685461533350009,0,0,0,0,0,-3.325223464097409e-05,0,0.0011346566935128,0,0,0,0,0,0,27.32639958501294,0,SC,SC
126,0.4153563034946259,0.5329124890968622,-0.0494591298767688,0.5485668854007555,0,0,0,0,0,5.875506977603618e-06,0,0.0002825726564185,0,0,0,0,0,0,28.00012968307605,0,SC,SC
127,0.005230941796511,0.9024663144328962,-0.3798691374022962,1.1209400507091152,0,0,0,0,0,1.8500019641463307e-05,0,-0.0006754551068297,0,0,0,0,0,0,25.378561021366632,0,SC,SC
128,0.6188234052637145,0.7292163319811467,-0.041497800936936,0.2584437213881321,0,0,0,0,0,-0.0001730613667799,0,0.0004135504010366,0,0,0,0,0,0,26.56225354010553,0,SC,SC
129,0.8924941662491284,0.3118936617979058,-0.605881033717482,-0.0286670121307552,0,0,0,0,0,-6.864746285059262e-05,0,0.0017482859028558,0,0,0,0,0,0,27.33657813545076,0,SC,SC
130,0.0085369568921573,0.9256189190480876,-0.1404655549133162,0.8498848618885368,0,0,0,0,0,3.4235331347152576e-05,0,8.897751989414004e-06,0,0,0,0,0,0,26.141711939131746,0,SC,SC
131,-0.0589295531970734,1.2274010450266275,-0.0354955732458859,0.6562206548423895,0,0,0,0,0,-3.849864474195437e-05,0,0.0007064459122021,0,0,0,0,0,0,27.457344263591324,0,SC,SC
132,-0.1682166169868266,1.0159816536382826,-0.4410119612879448,1.1773496183997847,0,0,0,0,0,6.0518110891021686e-05,0,-0.000185129627147,0,0,0,0,0,0,22.23321333956669,0,SC,SC
133,0.3118304722376601,0.6125017905260113,-0.1037184149627616,0.7517451388374172,0,0,0,0,0,5.324567680753237e-05,0,0.0002763072608011,0,0,0,0,0,0,28.517414769535275,0,SC,SC
134,0.767752804191677,0.5395683086007819,-0.2512802873720747,0.0974064981187905,0,0,0,0,0,-0.0001360299468254,0,0.0012148339357711,0,0,0,0,0,0,26.02496829386049,0,SC,SC
135,-0.0981082597920888,0.8379919387834693,-0.4610108189354098,1.2359489051907078,0,0,0,0,0,0.0001279266906716,0,0.0002936027592323,0,0,0,0,0,0,22.057249815978512,0,SC,SC
136,-0.3164414667697999,1.324740205848784,-0.197299558565605,0.9075832241143034,0,0,0,0,0,5.82737099859342e-05,0,-0.00022573432769,0,0,0,0,0,0,27.53161704938985,0,SC,SC
137,0.811259992960057,0.4542831795081521,-0.2847388185018729,-0.0869849105014093,0,0,0,0,0,-0.0001330561030732,0,0.0009599654728972,0,0,0,0,0,0,27.702317113263515,0,SC,SC
138,-0.0737523430343953,1.2962656816361684,-0.1518668516491594,0.7681099423710762,0,0,0,0,0,-7.583364352493407e-05,0,0.0006542915897345,0,0,0,0,0,0,29.063072145412,0,SC,SC
139,0.0042345886301986,0.8287124771200634,-0.2788136160466363,0.971968713837892,0,0,0,0,0,6.972580961239836e-05,0,0.000572108652804,0,0,0,0,0,0,22.988829735158703,0,SC,SC
140,0.5654079727039552,0.5303795582389115,-0.0532844926083786,0.2812035217837501,0,0,0,0,0,-5.890942093433043e-05,0,0.0008344416463094,0,0,0,0,0,0,28.08768100538192,0,SC,SC
141,0.1989050385909343,0.8366731475826641,0.0298778743270946,0.4947838695259823,0,0,0,0,0,-6.790729761498948e-06,0,0.0008489767506187,0,0,0,0,0,0,27.066715068243223,0,SC,SC
142,-0.0598602600210207,0.7743257640573482,-0.358020196797959,1.0890314473791205,0,0,0,0,0,0.0001493931528447,0,0.0005706204291572,0,0,0,0,0,0,23.27543384437487,0,SC,SC
143,0.4002301458173907,0.7550780131393906,0.0706244280979855,0.2097650343108901,0,0,0,0,0,-2.760042248755021e-05,0,-0.0002290478575841,0,0,0,0,0,0,29.609941038794307,0,SC,SC
144,-0.2269121514553023,1.10387803448442,-0.285662152320957,1.0332881086497796,0,0,0,0,0,0.0001130175621203,0,0.0004477338901216,0,0,0,0,0,0,23.238899726066187,0,SC,SC
145,0.194750232893234,0.8130894547796461,-0.1803376492931587,0.8517863232653125,0,0,0,0,0,-1.122956868092937e-05,0,0.000379736388872,0,0,0,0,0,0,24.389684415860664,0,SC,SC
146,0.751235430587974,0.6521610539672964,-0.1693041235378383,0.0652350860454347,0,0,0,0,0,-0.0001645070862629,0,3.419879449403585e-05,0,0,0,0,0,0,24.663982480715664,0,SC,SC
147,0.8615647794217272,0.3452030552837617,-0.4131293247133731,0.0226631218840949,0,0,0,0,0,-0.0001237789393456,0,-7.510981064506872e-05,0,0,0,0,0,0,27.798887500333187,0,SC,SC
148,1.042538914700247,0.3513957636611895,-0.6594899428107426,-0.1382117325461753,0,0,0,0,0,-0.0001663637268163,0,-0.0004291804639474,0,0,0,0,0,0,27.79485383511592,0,SC,SC
149,0.65680589571721,0.6009857951426381,-0.103517616078097,0.0290548520923992,0,0,0,0,0,-8.103670822068292e-05,0,0.0003364483008397,0,0,0,0,0,0,27.935050557381665,0,SC,SC
150,0.1986037497776731,0.677967370019315,-0.2052532021106496,0.8974271250685741,0,0,0,0,0,1.104131469183134e-05,0,0.0005750097509295,0,0,0,0,0,0,25.43723060148021,0,SC,SC
151,0.2243053775171244,0.7466452027695261,-0.0084388439272102,0.595088684648355,0,0,0,0,0,1.3646941391186829e-05,0,0.0014174622364364,0,0,0,0,0,0,28.148390765275675,0,SC,SC
152,1.0232707796121958,0.3953200555388863,-0.5372830866029985,0.1868852095304474,0,0,0,0,0,-0.0001913188720948,0,0.0010336771581608,0,0,0,0,0,0,22.91343395927237,0,SC,SC
153,1.037640651622401,0.1654533472901307,-0.750300571981229,0.2563235653064386,0,0,0,0,0,-0.0001513156918799,0,0.0003270660209705,0,0,0,0,0,0,27.64366894735561,0,SC,SC
154,-0.0505739648833685,0.8449704701383753,-0.3361602136838382,1.0515852209487773,0,0,0,0,0,0.0001245308299589,0,-0.000287872298703,0,0,0,0,0,0,24.662531952994943,0,SC,SC
155,1.0338726395387434,0.1654134146563195,-0.95657029881265,0.1933415941137748,0,0,0,0,0,-0.0001001080753083,0,-0.0008908008417892,0,0,0,0,0,0,24.93413110695996,0,SC,SC
156,-0.0343885097476064,0.999822899788553,-0.2743646371455182,0.9846457057138966,0,0,0,0,0,-6.480208023962475e-06,0,0.0002256161884555,0,0,0,0,0,0,24.138941455235944,0,SC,SC
157,0.6183231361942099,0.7069021858261917,-0.0655961064452601,0.1023611670022019,0,0,0,0,0,-0.0001221662940269,0,-0.0004503405259082,0,0,0,0,0,0,27.77664006222444,0,SC,SC
158,0.4455082805856349,0.7989124616166214,-0.0096638102511545,0.2617953527880963,0,0,0,0,0,-0.0001080827749554,0,0.0006553169933912,0,0,0,0,0,0,27.963410563953115,0,SC,SC
159,0.2763949625423305,0.5399349135469178,-0.1390139602510465,0.7911463421639167,0,0,0,0,0,3.432000019636403e-05,0,0.0003912984131996,0,0,0,0,0,0,27.449128648909934,0,SC,SC
160,0.93340953749236,0.4465705461928055,-0.3974039017284303,0.077326666940626,0,0,0,0,0,-0.000167257918169,0,-1.2864245977572964e-06,0,0,0,0,0,0,23.035002572994863,0,SC,SC
161,0.8848629189406996,0.0917799532916503,-1.327178208201155,0.1536220871470344,0,0,0,0,0,-2.389341085783008e-05,0,0.0006766349864104,0,0,0,0,0,0,31.54923918040349,0,SC,SC
162,0.1833499808944325,0.5438824900868191,-0.2281177238864191,0.918869601837356,0,0,0,0,0,0.0001248481091174,0,-0.0005793311875663,0,0,0,0,0,0,27.796044684584647,0,SC,SC
163,0.0949931394591203,0.7804425685511771,-0.085278707092137,0.6705302483819211,0,0,0,0,0,0.0001249597743127,0,0.0001854954944038,0,0,0,0,0,0,30.633444444876584,0,SC,SC
164,0.4406861211023951,0.8325345657939143,-0.0452144903141031,0.4302387276499431,0,0,0,0,0,-9.78699008747764e-05,0,0.0002525812785835,0,0,0,0,0,0,26.513465703034765,0,SC,SC
165,0.964269190914131,0.4554183207224342,-0.500367126642892,-0.0211654484794667,0,0,0,0,0,-0.0001419898016949,0,0.001007547603695,0,0,0,0,0,0,21.588823659908304,0,SC,SC
166,0.9723346738800532,0.550793677028107,-0.3976069214271458,-0.1243825582978954,0,0,0,0,0,-0.0001711702874177,0,0.0001677324406853,0,0,0,0,0,0,23.17012941742336,0,SC,SC
167,0.0938540412115518,1.027388410342203,-0.1827754517276387,0.8396386770396913,0,0,0,0,0,-1.1341194781747757e-05,0,0.0005562809365314,0,0,0,0,0,0,26.080377489476785,0,SC,SC
168,0.9605549935011926,0.4192367466859839,-0.5572794800835221,0.0303513164406044,0,0,0,0,0,-0.0001342897683665,0,-0.000689065638072,0,0,0,0,0,0,25.91767917189762,0,SC,SC
169,0.8549097475067504,0.3737126270496,-0.4610481195283222,0.0514169354198541,0,0,0,0,0,-6.71120430579776e-05,0,0.0004846307475509,0,0,0,0,0,0,28.13020679896149,0,SC,SC
170,0.0662524851858923,0.8363040468706702,-0.0667395653920506,0.7215307000069133,0,0,0,0,0,5.993012129165898e-05,0,0.0001571061185489,0,0,0,0,0,0,26.15931613537105,0,SC,SC
171,0.8578536885596773,0.435161128326432,-0.3074022131695013,0.1536084585667816,0,0,0,0,0,-0.0001325055417884,0,0.0017208117286013,0,0,0,0,0,0,28.65494884644078,0,SC,SC
172,0.0950445334538026,0.755109231332376,-0.2570980560609226,1.029944882997686,0,0,0,0,0,7.921335596168807e-05,0,-5.86707254147667e-05,0,0,0,0,0,0,27.73099638867398,0,SC,SC
173,-0.5465513703658709,1.3737524205312122,-0.3188192991959688,1.0362807487373282,0,0,0,0,0,8.827014453148454e-05,0,0.0006820291984948,0,0,0,0,0,0,29.15478035987243,0,SC,SC
174,0.1670930430597437,0.9361402911074936,-0.0865064022203709,0.6546404474983119,0,0,0,0,0,-3.579651643494395e-05,0,0.0007972731018849,0,0,0,0,0,0,26.111615566747545,0,SC,SC
175,0.0945570007998108,0.6815381903372293,-0.2277562921919627,0.9831770760302884,0,0,0,0,0,0.0001175935092582,0,1.3492974424034189e-05,0,0,0,0,0,0,26.60209329791869,0,SC,SC
176,0.7874967556559858,0.8100838333580311,-0.1465953077393678,-0.1368510387955839,0,0,0,0,0,-0.0001803405077155,0,0.0008956620221847,0,0,0,0,0,0,26.69573744656937,0,SC,SC
177,0.6175893309130247,0.8033944299562936,-0.0764848971341554,0.2676548208777629,0,0,0,0,0,-0.000175134847832,0,0.0005711991355163,0,0,0,0,0,0,25.726194687875285,0,SC,SC
178,0.1071879101744124,0.8151144215629897,-0.2422562600098492,0.9367638739724242,0,0,0,0,0,2.66133799051572e-05,0,0.0002134201405024,0,0,0,0,0,0,22.581325626426125,0,SC,SC
179,0.0597924193124712,0.7585970154382635,-0.1606009451683905,0.8354382864587859,0,0,0,0,0,0.0001041916653659,0,0.0006883032451846,0,0,0,0,0,0,24.94842940503113,0,SC,SC
180,0.553561898154856,0.6103622064299019,-0.0542652949810225,0.2972158728146699,0,0,0,0,0,-6.611029074944433e-05,0,0.0012230724762917,0,0,0,0,0,0,27.18397004271093,0,SC,SC
181,0.7539933117481974,0.6822650204536664,-0.1762848758606037,0.103052279379229,0,0,0,0,0,-0.0001764630822884,0,-2.9995434336140824e-05,0,0,0,0,0,0,24.627961845021023,0,SC,SC
182,-0.0219143079773469,1.03452821249256,-0.1837733404601151,0.8942331621810147,0,0,0,0,0,4.27703279879359e-06,0,5.020312800260385e-05,0,0,0,0,0,0,25.07332302414327,0,SC,SC
183,0.4053946583995413,0.5365780663993949,-0.2027655659257501,0.7915524344534832,0,0,0,0,0,2.7396122361944155e-05,0,0.0005616946298401,0,0,0,0,0,0,28.105371622820947,0,SC,SC
184,0.5966640169065034,0.8879355770058992,-0.0329982014171581,0.0265106648461475,0,0,0,0,0,-0.0001792381757736,0,0.0006300647458377,0,0,0,0,0,0,25.92420962196642,0,SC,SC
185,0.180813737624903,0.7723788687088717,-0.0833470638154136,0.6813996770145683,0,0,0,0,0,9.371039323815245e-06,0,0.0001034173786445,0,0,0,0,0,0,26.331000919293768,0,SC,SC
186,-0.4509607087680045,1.3218593006268775,-0.5436693457377806,1.3584082308458107,0,0,0,0,0,0.00011399385206,0,5.332822823901129e-05,0,0,0,0,0,0,22.97765349324855,0,SC,SC
187,0.5161855582061352,0.7716437525831417,0.0321378497260638,0.2076451049614718,0,0,0,0,0,-0.0001159623741244,0,0.0013800038259796,0,0,0,0,0,0,27.01047299812473,0,SC,SC
188,0.8480853260916192,0.4585112246497203,-0.3923903341925148,0.0007409397257625,0,0,0,0,0,-0.0001022716983869,0,0.0013522327512635,0,0,0,0,0,0,26.131417148154537,0,SC,SC
189,-0.0382638754589763,1.000196522025535,-0.3531629917005066,1.0979647522195624,0,0,0,0,0,2.969935644597328e-05,0,0.0004638281792236,0,0,0,0,0,0,21.62547470915506,0,SC,SC
190,0.9303494362120146,0.2054564506828029,-1.0148061020355024,-0.0759404338032638,0,0,0,0,0,-4.071629796370911e-05,0,0.0010777325627321,0,0,0,0,0,0,28.695679464100618,0,SC,SC
191,0.2678413485240445,0.7908778694173808,-0.0915893912525036,0.5993241431437033,0,0,0,0,0,-5.546883376853482e-05,0,0.0003027262359262,0,0,0,0,0,0,29.03943496262912,0,SC,SC
192,0.9470671846047898,0.2297372914299718,-0.5899211270691767,0.3413207528785258,0,0,0,0,0,-0.000180362832129,0,6.792548983760139e-05,0,0,0,0,0,0,30.89394928499301,0,SC,SC
193,0.5703416842572375,0.5525600707377536,-0.035374312314973,0.3337970561979975,0,0,0,0,0,-7.245976984421994e-05,0,0.0003640718939523,0,0,0,0,0,0,27.925815763893585,0,SC,SC
194,0.1983412979839318,0.7687239404203412,-0.2154478099238752,0.8774526627456458,0,0,0,0,0,-8.48136944604212e-06,0,0.0006000179091664,0,0,0,0,0,0,24.465883168441525,0,SC,SC
195,0.2191634425829485,0.7159395927536103,-0.4317951044387786,1.202684453515246,0,0,0,0,0,4.098917792703869e-05,0,5.131375394530568e-05,0,0,0,0,0,0,33.68196860091957,0,SC,SC
196,-0.0941090136887314,0.9175634234431902,-0.2920790941666684,1.0255616961446687,0,0,0,0,0,7.733887359055967e-05,0,0.0008569410361502,0,0,0,0,0,0,23.37251756963076,0,SC,SC
197,0.5697925242107376,0.9697029251846612,-0.0625600806319572,0.1724123901555811,0,0,0,0,0,-0.0001993755769703,0,0.0002381655708917,0,0,0,0,0,0,26.760943234659667,0,SC,SC
198,0.1689577394451733,1.1939446448157596,0.1053508900889479,0.3348923080624519,0,0,0,0,0,-0.0001468637653989,0,0.0003752233114215,0,0,0,0,0,0,28.099823489241995,0,SC,SC
199,-0.2816836560193105,1.1951696543672186,-0.4731500502465249,1.2437266897445998,0,0,0,0,0,5.090171929318772e-05,0,1.5905404373524057e-05,0,0,0,0,0,0,20.60449574970124,0,SC,SC
200,0.9293045254235572,0.1103993007405983,0.2022199845263634,-0.1465074188717519,0,0,0,0,0,-1.0465468569824487e-05,0,0.0083172296717663,0,0,0,0,0,0,21.276133499527027,0,PS,PS
201,0.9213740894051968,0.1046077987192237,-0.3161742597226615,-0.0442210348694256,0,0,0,0,0,8.524241839975666e-06,0,0.0105737750778727,0,0,0,0,0,0,22.236596556741944,0,PS,PS
202,0.7407017889742269,0.2558563736442409,0.4345667544714575,0.2172190722468538,0,0,0,0,0,-6.1462357920524685e-06,0,0.001473959280888,0,0,0,0,0,0,22.508413922146595,0,PS,PS
203,0.9218870577270356,0.0950433518426403,0.2034270718761348,-0.2337548636454172,0,0,0,0,0,-9.804653331521627e-06,0,0.0124366302877487,0,0,0,0,0,0,21.489613971297054,0,PS,PS
204,0.7611879534465622,0.2763450967593179,0.8109461175408179,-0.3449679779177521,0,0,0,0,0,3.9995269882204366e-06,0,0.00505990324751,0,0,0,0,0,0,22.101699843080443,0,PS,PS
205,0.6364931436753172,0.4602029345416434,0.4443249565992153,0.3388998449382248,0,0,0,0,0,-8.9104430437573e-06,0,0.0008574019455856,0,0,0,0,0,0,21.222001219235416,0,PS,PS
206,0.9366936564327322,0.0825367885236669,0.2349336243991682,-0.5453500744042081,0,0,0,0,0,-1.0662129168598478e-05,0,0.01205882685316,0,0,0,0,0,0,21.553209456108664,0,PS,PS
207,0.8662256691173056,0.2343864294334992,0.3970811605399054,-0.2448691209270346,0,0,0,0,0,-1.0626916479495984e-05,0,0.0039810657262699,0,0,0,0,0,0,21.0997240094462,0,PS,PS
208,0.9233127016591274,0.0681057774843378,0.3940261874747159,-0.410068105461975,0,0,0,0,0,-1.7700697744513727e-05,0,0.0104051683986006,0,0,0,0,0,0,22.05377832574468,0,PS,PS
209,0.5393625615943449,0.5953041103566887,0.381386206952413,0.4042241567428757,0,0,0,0,0,-1.680326170776916e-05,0,-0.0002229967090675,0,0,0,0,0,0,21.61364180343061,0,PS,PS
210,0.9506492849840522,0.079680759421949,-0.3124594630122712,-0.0448133762571578,0,0,0,0,0,-1.692012837538082e-05,0,0.0043019036910277,0,0,0,0,0,0,21.959163616169416,0,PS,PS
211,0.7188816155457345,0.3661705899956375,0.5204694298086587,0.1366925338087621,0,0,0,0,0,-1.711949226459737e-05,0,0.0020208181326375,0,0,0,0,0,0,20.783955543839973,0,PS,PS
212,0.8756814593917635,0.1750760131716324,0.3412778772112461,-0.2559133690062778,0,0,0,0,0,1.4789464313347269e-08,0,0.0042806773678309,0,0,0,0,0,0,21.34257588105769,0,PS,PS
213,0.6582774737568324,0.3834724323135239,0.9155618828045466,-0.2311365856282405,0,0,0,0,0,-1.9450285264199142e-05,0,0.0034163776570437,0,0,0,0,0,0,21.583891171860746,0,PS,PS
214,0.6778371982089326,0.4239546611269498,0.7545968162683816,-0.195058356001506,0,0,0,0,0,-9.535344418276328e-06,0,0.0029943847433941,0,0,0,0,0,0,21.43703288926417,0,PS,PS
215,0.9401221890331262,0.0644051318182294,-0.99217485054254,-0.1765501962116122,0,0,0,0,0,5.965791408428256e-06,0,0.0125803753472927,0,0,0,0,0,0,21.88585045105268,0,PS,PS
216,0.8762102154107683,0.109843617838504,0.220410819860755,-0.1891290113865815,0,0,0,0,0,7.017321598791559e-06,0,0.0085065549821689,0,0,0,0,0,0,21.903769095344963,0,PS,PS
217,0.8540765864359732,0.1422771728114318,0.5872035956639419,-0.2294951251886379,0,0,0,0,0,-6.8372859500634765e-06,0,0.0046470602080964,0,0,0,0,0,0,21.60653262434336,0,PS,PS
218,0.958888018258694,0.1158021019240314,-0.1053680489880082,-0.0357350687784168,0,0,0,0,0,-1.8664266143129107e-05,0,0.0023427701675929,0,0,0,0,0,0,21.66880603228424,0,PS,PS
219,0.943353708279747,0.1739698426436944,-0.1126447055797053,-0.2096796096088136,0,0,0,0,0,-3.1898047983814683e-06,0,0.0030420728657947,0,0,0,0,0,0,22.018737775617524,0,PS,PS
220,0.8758033735071229,0.2510834755326585,0.4557705325262633,-0.2855123811408715,0,0,0,0,0,-1.885649258266147e-05,0,0.0027154756188927,0,0,0,0,0,0,21.387722076038404,0,PS,PS
221,0.9704109700225074,0.0960848453883134,-0.2100377738873451,-0.2461506877773305,0,0,0,0,0,-1.340586083662836e-05,0,0.0058137429185705,0,0,0,0,0,0,21.24418777436225,0,PS,PS
222,0.8189625059614873,0.2297602410146857,0.9056160027441318,-0.3995660435408081,0,0,0,0,0,-2.039854900420601e-05,0,0.0058385248722746,0,0,0,0,0,0,21.50176898153889,0,PS,PS
223,1.0181430434016283,0.0064369332402751,-1.9681055599565789,-0.941949571515282,0,0,0,0,0,-2.99207741338408e-05,0,0.0112125591508153,0,0,0,0,0,0,21.37713247051413,0,PS,PS
224,0.9252870599791758,0.1462367980821048,0.1379484013016103,-0.3783090101177631,0,0,0,0,0,-8.617136265903503e-06,0,0.0071245461836048,0,0,0,0,0,0,21.17801613611818,0,PS,PS
225,0.7950714722982379,0.1885893422540063,0.7616744287438406,-0.1617871536015069,0,0,0,0,0,-9.640117369903822e-06,0,0.0036099662110765,0,0,0,0,0,0,22.00203616439917,0,PS,PS
226,0.8419586922820881,0.1558112353606464,0.6448792377377117,-0.186707273871522,0,0,0,0,0,-1.1708766721172382e-06,0,0.0066455353239053,0,0,0,0,0,0,21.71916423235436,0,PS,PS
227,0.8107776214257418,0.2727195005252025,0.5129076767898133,-0.2524276173985655,0,0,0,0,0,-1.0807904992941352e-05,0,0.0015053401558106,0,0,0,0,0,0,21.46152261756974,0,PS,PS
228,0.8859231283095239,0.1351375231726841,0.3094495034056836,-0.2958255262864973,0,0,0,0,0,-1.2010083400236594e-05,0,0.0037129641640534,0,0,0,0,0,0,21.627414305383205,0,PS,PS
229,0.9259186485181976,0.0630087607852258,-0.0923510789228618,-0.1615195740608399,0,0,0,0,0,-3.115820282560056e-06,0,0.0072824653251083,0,0,0,0,0,0,21.91190981997804,0,PS,PS
230,0.5434932911259827,0.5599505105002001,0.8490690551201179,-0.0496137074991893,0,0,0,0,0,-3.382987518628744e-05,0,0.0009133344748288,0,0,0,0,0,0,21.16841140994133,0,PS,PS
231,0.5780389897369007,0.5014293559902705,0.4597346469615719,0.3476079693732563,0,0,0,0,0,-1.5354081443831726e-05,0,0.000930721937393,0,0,0,0,0,0,20.866940404993937,0,PS,PS
232,0.8820702636892053,0.1895931636293015,0.6931701990468273,-0.4753043939451646,0,0,0,0,0,-2.777802555300633e-05,0,0.0041351511437847,0,0,0,0,0,0,21.700254883040948,0,PS,PS
233,1.0255896073354127,0.0087774373160578,-1.2547235403806376,-0.931697026119284,0,0,0,0,0,-3.528722379335587e-05,0,0.0128217175399158,0,0,0,0,0,0,21.326262962794367,0,PS,PS
234,0.8819729163378485,0.1939294723604336,0.5895399860303199,-0.480110726635315,0,0,0,0,0,-2.122198109172353e-05,0,0.0043198203848405,0,0,0,0,0,0,21.473656878696584,0,PS,PS
235,0.9262075188581096,0.0950065810230209,0.1545043656819973,-0.1401564044687122,0,0,0,0,0,-1.8025562988719003e-05,0,0.0089060557096178,0,0,0,0,0,0,21.62338314645205,0,PS,PS
236,0.960959210133674,0.1052314611459435,-0.0911265653733779,-0.2165393838568647,0,0,0,0,0,-1.6125546433507745e-05,0,0.005473964496192,0,0,0,0,0,0,21.15989191461745,0,PS,PS
237,0.9459267185284276,0.1290006016073395,0.0261521445727361,-0.0333673882448892,0,0,0,0,0,-1.385510433661028e-05,0,0.0071163140886713,0,0,0,0,0,0,21.336313648184696,0,PS,PS
238,1.061053536370908,0.0004447072037958,-0.5609402688979219,-0.9324549093273242,0,0,0,0,0,-5.677267285745726e-05,0,0.019700450106779,0,0,0,0,0,0,21.155804357124083,0,PS,PS
239,0.8395316602327032,0.2160362822126451,0.5762499689563878,-0.2290298157379513,0,0,0,0,0,-1.4256845635748051e-05,0,0.0073843603992913,0,0,0,0,0,0,21.842030938627403,0,PS,PS
240,0.8585515837540942,0.2753581303717722,0.3304222480518675,0.1214540328274726,0,0,0,0,0,-1.4489633220088672e-05,0,0.0017914830979447,0,0,0,0,0,0,21.82654089435525,0,PS,PS
241,0.9545783162930848,0.0596321444236123,-0.3655913969147755,-0.6143579853453238,0,0,0,0,0,-8.7342235840562e-06,0,0.0138090319429072,0,0,0,0,0,0,21.63306175701183,0,PS,PS
242,0.6681646088987239,0.3902944370570149,1.0612255453991837,-0.3685421493108631,0,0,0,0,0,-2.9253806400524663e-05,0,0.0017145840433066,0,0,0,0,0,0,21.81704039307432,0,PS,PS
243,0.9272977559313116,0.0532625586359092,0.0622935194630995,-0.4110685808908298,0,0,0,0,0,-7.06192892538633e-06,0,0.0143897376786353,0,0,0,0,0,0,21.8546405269998,0,PS,PS
244,0.6870573599627283,0.3249216880775893,0.4745088667282466,0.1932916886300253,0,0,0,0,0,5.323443121056038e-06,0,0.0007522018840752,0,0,0,0,0,0,22.07911046507937,0,PS,PS
245,0.7607310613474687,0.3414698447867903,0.5123592716160394,0.0691102381278363,0,0,0,0,0,-2.486058854366744e-05,0,0.0015825573966502,0,0,0,0,0,0,20.802792904720725,0,PS,PS
246,0.963613820273442,0.0739827649070701,-0.0040856966237003,0.3431751924708712,0,0,0,0,0,-1.8561980561889336e-05,0,0.0053894064433726,0,0,0,0,0,0,22.371754698933355,0,PS,PS
247,0.8778793441262298,0.1332897567170179,0.3857328389234133,-0.2339025264336154,0,0,0,0,0,-9.734323703059156e-06,0,0.0072109323291831,0,0,0,0,0,0,21.487627387752664,0,PS,PS
248,0.8293228824665744,0.3030783158361321,0.6023030181001907,-0.3062959581892945,0,0,0,0,0,-2.421242674013531e-05,0,0.0026339151707863,0,0,0,0,0,0,21.356609599258647,0,PS,PS
249,0.9248967018286636,0.1724631983734212,0.0350756455218528,-0.2179639509407869,0,0,0,0,0,-2.733142602073469e-06,0,0.0055826294945938,0,0,0,0,0,0,21.567999907877507,0,PS,PS
250,1.0291713818036317,0.0033240087986765,1.9852795104882173,1.026476175390151,0,0,0,0,0,-6.38661033101118e-05,0,0.0114039725710057,0,0,0,0,0,0,21.887098502432263,0,PS,PS
251,0.584767259253776,0.5146067247085702,0.5147966313521493,0.3183323025085296,0,0,0,0,0,-3.0320976007426115e-05,0,0.0015221670346468,0,0,0,0,0,0,20.81526172544055,0,PS,PS
252,0.9311193329577816,0.1021013147415512,0.2972083060960075,-0.039947009804143,0,0,0,0,0,-1.9173540519795383e-05,0,0.0059683026947327,0,0,0,0,0,0,21.60479397133333,0,PS,PS
253,0.8328603584045635,0.2511977878099931,0.5679165408903422,-0.2204384000828028,0,0,0,0,0,-1.5205472729388948e-05,0,0.0051301561801678,0,0,0,0,0,0,21.1238415288136,0,PS,PS
254,0.7991350440978251,0.2355403607873483,0.6007151327423816,-0.2914104176797953,0,0,0,0,0,-2.1911761668591544e-06,0,0.0050458064551638,0,0,0,0,0,0,21.523546178831488,0,PS,PS
255,0.8921703108449694,0.1792155664596131,0.2899128185693009,-0.0534524074531648,0,0,0,0,0,-2.0497383674067466e-05,0,0.0053267330524071,0,0,0,0,0,0,21.40678885583077,0,PS,PS
256,0.9753557264619976,0.1088747715768199,-0.157447971059335,-0.4965376297759738,0,0,0,0,0,-1.5628034260624492e-05,0,0.0083623456419852,0,0,0,0,0,0,21.5318204792418,0,PS,PS
257,0.6943581391012787,0.3945438487519865,0.704960140608387,-0.2422037160728725,0,0,0,0,0,-4.34856726729338e-07,0,0.0024203415603183,0,0,0,0,0,0,21.81353940075396,0,PS,PS
258,0.96511993460944,0.0785778016428038,-0.5919853354401208,0.0094687426456188,0,0,0,0,0,-1.2446394399034367e-05,0,0.0077436716863692,0,0,0,0,0,0,21.99206811119533,0,PS,PS
259,0.8894017725005892,0.2160857599605408,0.2230329222604004,0.0998423780022488,0,0,0,0,0,-1.8954987673766068e-05,0,0.0016557744459236,0,0,0,0,0,0,21.400126417476624,0,PS,PS
260,0.8612150566014476,0.1670377218617167,0.6563641518105703,-0.3085665743639971,0,0,0,0,0,-8.607385860380767e-06,0,0.00711632040345,0,0,0,0,0,0,21.34372439495071,0,PS,PS
261,0.5769863843433609,0.5340205835232053,0.5695226205457824,0.1814654269721427,0,0,0,0,0,-8.689671718477922e-06,0,0.0017158686976794,0,0,0,0,0,0,21.15987025226396,0,PS,PS
262,0.7719333501359293,0.3203795505953373,0.436149361390834,0.1598281794240224,0,0,0,0,0,-2.1608998785435875e-05,0,8.25239783386822e-05,0,0,0,0,0,0,21.664678216111447,0,PS,PS
263,0.9568633618407324,0.0576088094718194,-0.9254066448380928,-0.1775153982367974,0,0,0,0,0,-8.912066824771437e-06,0,0.0100338461247923,0,0,0,0,0,0,21.861875948420817,0,PS,PS
264,0.940215951504999,0.0520005748974492,-0.1010026162352963,-0.2761591569026085,0,0,0,0,0,-8.908129029287148e-06,0,0.0190487524662627,0,0,0,0,0,0,21.70377134773972,0,PS,PS
265,0.9132398782294064,0.1235535707985908,0.3724012430797132,-0.2304627476278766,0,0,0,0,0,-1.823139053140428e-05,0,0.0047841485656517,0,0,0,0,0,0,21.31793671145469,0,PS,PS
266,0.8612053899593195,0.2263357874285847,0.4623186103029337,-0.4362163625426529,0,0,0,0,0,-5.56106562830827e-07,0,0.0045433310586214,0,0,0,0,0,0,22.235198615961668,0,PS,PS
267,1.0966030826332482,0.002236492885927,-0.6882463451537864,-0.9912380814274412,0,0,0,0,0,-4.494026117717112e-05,0,0.0179352256110002,0,0,0,0,0,0,20.839376456548514,0,PS,PS
268,0.6697510096150192,0.3698671143798058,0.5969193713517189,-0.0259190271593143,0,0,0,0,0,-6.294681686963233e-06,0,0.0016869092466419,0,0,0,0,0,0,21.91488958257877,0,PS,PS
269,0.8131940388374352,0.2976369452905487,0.5989939501027624,-0.1761597191027908,0,0,0,0,0,-2.155870739638357e-05,0,0.0016994234808704,0,0,0,0,0,0,21.05339288063558,0,PS,PS
270,0.7959080671722982,0.3008733581815335,0.4412776897097541,0.3250721341133435,0,0,0,0,0,-3.7080523872042864e-05,0,0.0018684959663378,0,0,0,0,0,0,21.4255012314398,0,PS,PS
271,0.934339280966416,0.1375645241863452,0.1294831512695964,0.2282513802673618,0,0,0,0,0,-2.113720671387533e-05,0,0.0067025360878537,0,0,0,0,0,0,22.349598229622377,0,PS,PS
272,0.9210899621623998,0.0862580997743447,0.0705841409365524,0.0402599894692934,0,0,0,0,0,-1.2310931360748146e-05,0,0.0070570644653241,0,0,0,0,0,0,21.74571402646495,0,PS,PS
273,0.6466232823794869,0.594199130071511,-0.0149583840596112,1.0128750186413074,0,0,0,0,0,-0.000130857728996,0,-1.157386811283523e-05,0,0,0,0,0,0,19.04487322450485,0,PS,PS
274,0.8525005241328572,0.196456365272462,0.3623366167489941,-0.284621311203914,0,0,0,0,0,-1.1794412196600712e-06,0,0.0052513892276362,0,0,0,0,0,0,21.42675148842773,0,PS,PS
275,0.846783244975803,0.2383582022719412,0.3767415493468,0.0091711185985787,0,0,0,0,0,-1.55394345622196e-05,0,0.0019193693801792,0,0,0,0,0,0,21.00949804219206,0,PS,PS
276,0.8707916920716419,0.1101867292908362,0.381879272547863,-0.3863602808338189,0,0,0,0,0,-9.778798061958473e-06,0,0.0066787829273292,0,0,0,0,0,0,22.4418612744607,0,PS,PS
277,0.9856197315667816,0.0763724469179609,-0.3471262637216983,-0.273391758543037,0,0,0,0,0,-1.7775031933425334e-05,0,0.0096183939368183,0,0,0,0,0,0,21.361917033811565,0,PS,PS
278,0.958827441639333,0.0985222922887052,-0.097089383014286,-0.5078887024525733,0,0,0,0,0,-1.2644279748191158e-05,0,0.008169408790199,0,0,0,0,0,0,21.34526637621666,0,PS,PS
279,0.9103603541637032,0.1118719214390342,0.0937029411682499,-0.4589061993266301,0,0,0,0,0,5.04985378618148e-06,0,0.0141783418961312,0,0,0,0,0,0,22.13065301369298,0,PS,PS
280,0.9384104708479653,0.0775098104559228,-0.1863669028464414,-0.177045111436471,0,0,0,0,0,-8.37594585173358e-06,0,0.0040183818226533,0,0,0,0,0,0,21.685211049695816,0,PS,PS
281,0.9520081772302268,0.0545797227259776,-0.4939929001016594,-0.3574269188910508,0,0,0,0,0,-6.199396717395933e-06,0,0.0180548304092595,0,0,0,0,0,0,21.399986879712767,0,PS,PS
282,0.944999605038288,0.0902675126314349,0.2428609392974112,-0.2274811304780539,0,0,0,0,0,-2.2861023046521312e-05,0,0.0112100166964431,0,0,0,0,0,0,21.667198296210497,0,PS,PS
283,0.892671635199255,0.1514178168726219,0.498626891497663,-0.3559872313305305,0,0,0,0,0,-5.579554308946544e-06,0,0.0056141565879194,0,0,0,0,0,0,21.58374270169768,0,PS,PS
284,0.953364572872947,0.1055037481193799,-0.3580643005400268,-0.2415093024233821,0,0,0,0,0,-2.2860725986429297e-06,0,0.0085997741810838,0,0,0,0,0,0,21.268678521750616,0,PS,PS
285,0.9158482126686112,0.0915489500052055,-0.0096814899170325,-0.0849782337380804,0,0,0,0,0,-5.911680451633061e-06,0,0.0096969713282974,0,0,0,0,0,0,21.62947386567223,0,PS,PS
286,0.7168923884494243,0.4190637965712147,0.1884188300865599,0.6605525097810916,0,0,0,0,0,-2.4409342574429395e-05,0,0.0006601558672576,0,0,0,0,0,0,21.745788946306472,0,PS,PS
287,1.009281473980475,0.0582432206733147,-1.767095337444947,-0.3695672870085704,0,0,0,0,0,-3.937988093558387e-06,0,0.0096440690042301,0,0,0,0,0,0,21.42714713804788,0,PS,PS
288,0.9516978447277123,0.114277624700374,0.1766649553464057,-0.3735199160070919,0,0,0,0,0,-2.029659970888891e-05,0,0.0100617285571175,0,0,0,0,0,0,21.39210180743269,0,PS,PS
289,0.9581696102773742,0.0996534098967121,-0.331920701740322,-0.4274763176000002,0,0,0,0,0,-1.8448408959125784e-05,0,0.0059697542878909,0,0,0,0,0,0,21.889333684227694,0,PS,PS
290,0.888125975689082,0.1620743841321408,0.4615524466310079,-0.2986327550824315,0,0,0,0,0,-1.5638202775227295e-05,0,0.0054778988554053,0,0,0,0,0,0,20.97742730204587,0,PS,PS
291,1.020721881501503,-0.006027811364117,-1.9321369505907624,-0.9737071979653816,0,0,0,0,0,-2.604869272265073e-05,0,0.0152857879041139,0,0,0,0,0,0,21.20574418283013,0,PS,PS
292,0.9491941324410552,0.1421302685432564,-0.2163857375656788,-0.0969484152720525,0,0,0,0,0,-2.919975622015958e-06,0,0.0063768329559251,0,0,0,0,0,0,21.706368006791088,0,PS,PS
293,0.9251996515666244,0.1438267464688616,0.2696371063719729,-0.2489960125883892,0,0,0,0,0,-1.660796654947574e-05,0,0.0054330566579019,0,0,0,0,0,0,20.98556723470368,0,PS,PS
294,0.6351811702469621,0.4056358879494537,0.5815703074619902,0.17494654641151,0,0,0,0,0,-6.892270698989056e-06,0,0.0018640480755273,0,0,0,0,0,0,21.2578065997288,0,PS,PS
295,0.9614484933153178,0.0983010202199516,-0.4756305023718665,0.0849688724849158,0,0,0,0,0,-4.745672411055879e-06,0,-0.0004220703876557,0,0,0,0,0,0,22.716760833917405,0,PS,PS
296,0.95020374349357,0.052206260277456,-0.5608074128343838,-0.3058518445973088,0,0,0,0,0,-9.697526987021331e-06,0,0.009706661579316,0,0,0,0,0,0,21.61650472992952,0,PS,PS
297,0.9169374117211492,0.1397677699368373,0.2120338228340901,-0.0476966120030935,0,0,0,0,0,-1.768359022987638e-05,0,0.004260501538643,0,0,0,0,0,0,21.1448404917204,0,PS,PS
298,0.5966436508980149,0.4755071997640332,0.8043417369915216,-0.044285749710319,0,0,0,0,0,-2.443396306605472e-05,0,0.0015855066878782,0,0,0,0,0,0,20.794350230867387,0,PS,PS
299,0.8331782906351815,0.2332150133629609,0.5447752280149714,-0.2985837267135747,0,0,0,0,0,-3.317700282450198e-06,0,0.005890911864221,0,0,0,0,0,0,21.5308901044944,0,PS,PS
300,0.9222376529424244,0.0770696719213162,0.0339673917467155,-0.4399826580694492,0,0,0,0,0,-1.3328164411930744e-05,0,0.007982856484942,0,0,0,0,0,0,21.89134278578165,0,PS,PS
301,0.8687760689102508,0.1969347262903569,0.4500748175095079,-0.0282764912691599,0,0,0,0,0,-1.9388709912202985e-05,0,0.004635239103393,0,0,0,0,0,0,21.03916380063654,0,PS,PS
302,0.7568479715398593,0.2698552340420548,0.7838115809247181,-0.2064867115404227,0,0,0,0,0,-6.2026145868210094e-06,0,0.0025710118015,0,0,0,0,0,0,21.259759796076512,0,PS,PS
303,0.9720474944299808,0.0971738777671338,-0.4574744059473044,-0.1622866841015338,0,0,0,0,0,-1.4084330850528094e-05,0,0.0080369774350474,0,0,0,0,0,0,21.60363000972881,0,PS,PS
304,0.775354225293877,0.3101658839577466,0.7230014455294413,-0.2265538725530156,0,0,0,0,0,-2.4727099183445933e-05,0,0.0021417366115803,0,0,0,0,0,0,20.951728209024573,0,PS,PS
305,0.7808772679867273,0.3311739437136096,0.7242190036122045,-0.2481134129027351,0,0,0,0,0,-1.893158580508412e-05,0,0.0019249432024504,0,0,0,0,0,0,21.42110764104789,0,PS,PS
306,0.9083352102470736,0.1663398770732094,0.0925561121142126,-0.2290493958451376,0,0,0,0,0,8.694527413372289e-07,0,0.0055489463362764,0,0,0,0,0,0,21.51464594174745,0,PS,PS
307,0.9094965596208068,0.1629666532353013,0.3127580317822036,-0.148598226871548,0,0,0,0,0,-9.459513988104652e-06,0,0.0025405698585443,0,0,0,0,0,0,21.79195965157366,0,PS,PS
308,0.8318547114981425,0.2725687532769978,0.4490943523438067,-0.2305029948994503,0,0,0,0,0,-2.553591007827336e-05,0,0.0019040364372794,0,0,0,0,0,0,22.156211906237125,0,PS,PS
309,0.9552049417491676,0.0485477847811317,-1.2439243740435078,-0.2309858615971241,0,0,0,0,0,-2.548820217634873e-06,0,0.0112924590018939,0,0,0,0,0,0,21.646630575201844,0,PS,PS
310,1.202412720788641,-0.0038290605363122,1.9343373676966584,0.8918853150012049,0,0,0,0,0,-0.0001228345258635,0,0.0059313836731111,0,0,0,0,0,0,19.4397474095892,0,PS,PS
311,0.9807142325999711,0.0354649215378222,-0.5771741026116479,-0.1233084755434936,0,0,0,0,0,-1.9820042511610494e-05,0,0.0176959508255322,0,0,0,0,0,0,22.0740958075563,0,PS,PS
312,0.8536283318370419,0.2059799092428393,0.7349275840477998,-0.3296639170411379,0,0,0,0,0,-1.184178739773314e-05,0,0.0061062811989725,0,0,0,0,0,0,21.76525895731797,0,PS,PS
313,0.9539248394456052,0.0916413691781823,-0.2637411242402536,-0.1617462507604281,0,0,0,0,0,-4.58887287416554e-06,0,0.0036778183908874,0,0,0,0,0,0,21.68916717607202,0,PS,PS
314,0.7842265450566281,0.2364625873897488,0.95246917612668,-0.4171588072456682,0,0,0,0,0,-8.996522149992604e-06,0,0.0068680741820011,0,0,0,0,0,0,21.98271512922037,0,PS,PS
315,0.9480607882936978,0.1027508197213964,-0.4040189140824255,-0.4522980284344349,0,0,0,0,0,3.517097899892541e-06,0,0.0090647232475584,0,0,0,0,0,0,21.936817845353435,0,PS,PS
316,0.8312645117140058,0.2003620146764264,0.5983661970977279,-0.0920602395117335,0,0,0,0,0,-1.3486284810643602e-05,0,0.0049215884734599,0,0,0,0,0,0,21.205200694921253,0,PS,PS
317,0.90763376439581,0.1706531225850094,0.3808215855767001,-0.2531697394646739,0,0,0,0,0,-1.866115378218452e-05,0,0.0022094228045338,0,0,0,0,0,0,21.47085670473825,0,PS,PS
318,0.8646107834494954,0.1584083997468544,0.8378741534832477,-0.3582829508239844,0,0,0,0,0,-1.497642386429472e-05,0,0.0064099512670017,0,0,0,0,0,0,21.65808092018125,0,PS,PS
319,0.586623332046007,0.4755493345359314,1.069588724436862,-0.4188292763923367,0,0,0,0,0,-1.3918285081916728e-05,0,0.0013341463407041,0,0,0,0,0,0,22.645634625627984,0,PS,PS
320,0.8905652967767277,0.1420528700699486,0.4112114592815352,-0.3435800125229145,0,0,0,0,0,-2.972476540056901e-06,0,0.0087349714202449,0,0,0,0,0,0,21.41976894439251,0,PS,PS
321,0.987510043683756,0.0529348020708542,-0.7071605294918706,-0.1441920060137067,0,0,0,0,0,-1.7190585702442143e-05,0,0.0086143471230911,0,0,0,0,0,0,21.5764266756692,0,PS,PS
322,0.9370193504401888,0.1527335803261129,0.0022264111513781,-0.221123097492188,0,0,0,0,0,-1.2948759410479949e-05,0,0.0037784212309156,0,0,0,0,0,0,21.19661959648791,0,PS,PS
323,0.8897088355775775,0.1395784419702033,0.5899299730356797,-0.4637393583639977,0,0,0,0,0,-4.636997313126079e-06,0,0.0110587388386826,0,0,0,0,0,0,21.976560691951324,0,PS,PS
324,0.9495138422475312,0.123522843597017,-0.2885756842393296,-0.2797611114809766,0,0,0,0,0,-6.86904796937824e-06,0,0.0075809131141342,0,0,0,0,0,0,21.40990652040808,0,PS,PS
325,0.6970534077995993,0.358024092382506,0.6921688749646497,-0.0463011822915371,0,0,0,0,0,-8.497219716167327e-06,0,0.0012118165749262,0,0,0,0,0,0,21.070644681935697,0,PS,PS
326,0.6033420081208476,0.4802643761508478,0.8045947465054528,-0.1624136283325372,0,0,0,0,0,-2.1267518494543315e-05,0,0.0012789204610554,0,0,0,0,0,0,21.26207593090687,0,PS,PS
327,0.8117054558201819,0.2626540922778511,0.3681064174475881,-0.0399248490993691,0,0,0,0,0,-5.134482142921671e-06,0,0.0042294167671244,0,0,0,0,0,0,21.83528697638473,0,PS,PS
328,0.911601261876088,0.1298508754970693,0.5166580839627462,-0.5539548710600073,0,0,0,0,0,-2.123141456340314e-05,0,0.0036948291430206,0,0,0,0,0,0,21.998023628678265,0,PS,PS
329,0.7009113022170381,0.344958598324264,0.3356461827438082,0.450269024326726,0,0,0,0,0,-1.9258005959683743e-05,0,0.0013153671027719,0,0,0,0,0,0,22.00817264448209,0,PS,PS
330,0.8841875739854426,0.1137924432561114,0.3486209243747664,-0.2736653714191492,0,0,0,0,0,-6.48607288344143e-06,0,0.0037095896089177,0,0,0,0,0,0,21.792678743783995,0,PS,PS
331,0.7612017375031104,0.2861939710368428,0.7543638492396711,-0.1951037882351256,0,0,0,0,0,-7.172690583944586e-06,0,0.0035846438236323,0,0,0,0,0,0,21.124191636078294,0,PS,PS
332,0.9356821454652168,0.1047969064807463,0.0466750024032025,-0.3871973837697473,0,0,0,0,0,-1.045470936099231e-05,0,0.0071901094091201,0,0,0,0,0,0,21.12719085465653,0,PS,PS
333,0.9776060307008634,0.0458401199291382,-1.3709220548713732,-0.5289266424177768,0,0,0,0,0,-9.605209649967383e-06,0,0.0114697355829685,0,0,0,0,0,0,21.464734534810248,0,PS,PS
334,1.0043624643375215,0.0225906727017535,-1.6249888745768408,-0.7783383261093233,0,0,0,0,0,-2.5631368385090017e-05,0,0.0045037972273344,0,0,0,0,0,0,21.870700070943386,0,PS,PS
335,0.6618146463424868,0.5379991607434977,0.3807891541071742,0.3588060044492591,0,0,0,0,0,-3.0213374082543788e-05,0,0.0013838340635127,0,0,0,0,0,0,21.45974626919814,0,PS,PS
336,0.6724678436818796,0.4733731875238267,0.5550545392702579,0.2565512777045593,0,0,0,0,0,-4.2016216409851694e-05,0,0.0018389115283075,0,0,0,0,0,0,21.640954653554925,0,PS,PS
337,0.90657484246091,0.0990253377855028,0.3509643706917122,-0.3806839880438608,0,0,0,0,0,-1.716691237767154e-05,0,0.0054066392213429,0,0,0,0,0,0,21.947292093660984,0,PS,PS
338,0.8090674035947671,0.2224759629046357,0.4513302839046686,-0.1328905577162478,0,0,0,0,0,3.096932385793316e-06,0,0.0027921504323636,0,0,0,0,0,0,21.489098614694008,0,PS,PS
339,0.5178688685905066,0.5177653647253622,0.7558236635479991,-0.0212055156275321,0,0,0,0,0,3.2569593879948403e-06,0,0.0009452457644486,0,0,0,0,0,0,21.58861111011072,0,PS,PS
340,0.8400382725878317,0.2393861327175521,0.4689652806278972,-0.303986177603152,0,0,0,0,0,3.2428440732026334e-06,0,0.0034966846864445,0,0,0,0,0,0,21.953289880236635,0,PS,PS
341,0.9509491200536186,0.0647619069141764,-0.0901235516202993,-0.3532071203193312,0,0,0,0,0,-1.1584151478392668e-05,0,0.0126387786061767,0,0,0,0,0,0,21.37227987932936,0,PS,PS
342,0.7910783081544048,0.2540875633301129,0.6965388332933196,-0.2817963584237197,0,0,0,0,0,1.7607652995052185e-06,0,0.0043611931344441,0,0,0,0,0,0,21.60654789565253,0,PS,PS
343,1.0711977457465969,-0.1030271589897504,1.922045689210804,-0.5426663844385353,0,0,0,0,0,-9.543065894799874e-06,0,-0.0077554801282037,0,0,0,0,0,0,22.396327823282373,0,PS,PS
344,1.0580919710235293,0.0008367495256713,-1.7238114044520976,-0.9902356476238574,0,0,0,0,0,-3.575498944934146e-05,0,0.0043648883059373,0,0,0,0,0,0,19.61663134510009,0,PS,PS
345,0.8894172713295054,0.140636006642814,0.4949368464593204,-0.4005694890592464,0,0,0,0,0,-1.433522792073314e-05,0,0.0081047322476305,0,0,0,0,0,0,21.303003524049725,0,PS,PS
346,0.9728277374916804,0.1227594900232391,-0.1036481881383311,-0.3628345174318417,0,0,0,0,0,-2.3721979061566658e-05,0,0.0040345507970028,0,0,0,0,0,0,21.74467251725591,0,PS,PS
347,0.9861134596927564,0.0657208620995053,-0.3773666895232916,-0.2336180039985604,0,0,0,0,0,-1.652308101373632e-05,0,0.012415398382256,0,0,0,0,0,0,21.50975720800053,0,PS,PS
348,0.96781852722011,0.1077688332306308,-0.4636886203540622,-0.3657067552394737,0,0,0,0,0,-2.256710171159604e-06,0,0.007056999043415,0,0,0,0,0,0,21.529536251857817,0,PS,PS
349,0.5816010751578218,0.5837591370431472,0.5598188984497718,0.1846735776796428,0,0,0,0,0,-5.130654282045424e-05,0,0.0016368063233015,0,0,0,0,0,0,21.90047628586045,0,PS,PS
350,0.952729924911397,0.0597816674050566,-0.4914763457119355,-0.3616987268399954,0,0,0,0,0,-3.284678225793303e-06,0,0.0166895041446054,0,0,0,0,0,0,21.38426834599735,0,PS,PS
351,0.8971446400632699,0.0990849018919397,0.2371705269038102,-0.3234293033130322,0,0,0,0,0,1.7795807470508686e-07,0,0.011242946725734,0,0,0,0,0,0,21.601686496255272,0,PS,PS
352,0.8699747476118875,0.2617820438134974,0.4185358130242957,-0.1882214711078316,0,0,0,0,0,-1.806938788918489e-05,0,0.004409584328296,0,0,0,0,0,0,21.37764492235748,0,PS,PS
353,0.9719332605845552,0.075599749251995,-0.883634506528427,-0.3319709160210895,0,0,0,0,0,-4.9692899410613844e-08,0,0.0015099659312063,0,0,0,0,0,0,22.35891894966846,0,PS,PS
354,0.7149191758056084,0.3003868015566331,0.7221963396320192,-0.1348209841137546,0,0,0,0,0,3.969519142771416e-06,0,0.00264976533601,0,0,0,0,0,0,21.522619143665526,0,PS,PS
355,0.8435110262171222,0.2424683309833928,0.2976686033597113,-0.1903756360421213,0,0,0,0,0,-6.327492099676158e-06,0,0.0031359189586224,0,0,0,0,0,0,21.73344912555397,0,PS,PS
356,1.1798051686714408,-0.0038083897196967,1.6256680221113229,0.9699161176333044,0,0,0,0,0,-0.0001024683126304,0,-0.005961863325073,0,0,0,0,0,0,18.72054016657236,0,PS,PS
357,0.96962323017669,0.0389781043495887,-0.8185860913707044,-0.6811393637570144,0,0,0,0,0,-2.904447095004559e-05,0,0.0177617441243602,0,0,0,0,0,0,22.192480000929333,0,PS,PS
358,0.9658724904142272,0.0902888829884873,-0.3536065141477023,-0.3454799903264898,0,0,0,0,0,-9.605650552153922e-06,0,0.0047886539218335,0,0,0,0,0,0,21.369078107068155,0,PS,PS
359,0.8125562690852939,0.2209672226267209,0.9323019003298736,-0.4551647240200169,0,0,0,0,0,-1.8135948750071143e-05,0,0.0055248489741077,0,0,0,0,0,0,21.523327832043147,0,PS,PS
360,0.948481742724394,0.0731317439583012,-0.567084009177065,-0.3389302460712526,0,0,0,0,0,-2.133042057975732e-06,0,0.0067463513805898,0,0,0,0,0,0,21.499128279316377,0,PS,PS
361,0.9042638691252388,0.0929165908450735,0.1259595161216782,0.0100207798188871,0,0,0,0,0,-4.761108738602449e-06,0,0.0050880044534058,0,0,0,0,0,0,21.802949673398725,0,PS,PS
362,0.6903842754252292,0.3624618835967284,0.4464097829266213,0.306793591085948,0,0,0,0,0,-5.863009576052547e-06,0,0.0011888664072899,0,0,0,0,0,0,21.31159165315258,0,PS,PS
363,1.1006259265449905,0.0052940480037269,-1.9614131172555307,0.8239571047899972,0,0,0,0,0,-4.363298140211798e-05,0,0.0078581133215168,0,0,0,0,0,0,20.96079719079502,0,PS,PS
364,0.865949036053578,0.1467163200650336,0.5347311086714193,-0.318971021352685,0,0,0,0,0,-4.442498347038915e-06,0,0.0074433740434005,0,0,0,0,0,0,21.35639390549246,0,PS,PS
365,0.9946151839034636,0.1009674001750808,-0.3238862510337255,-0.3844459201513248,0,0,0,0,0,-1.8069834224606708e-05,0,0.010239251895714,0,0,0,0,0,0,21.839499223344152,0,PS,PS
366,0.8209246584114327,0.2949179616602602,0.259474607823916,0.268850050653767,0,0,0,0,0,-1.0754842985738078e-05,0,0.0023413131090128,0,0,0,0,0,0,21.957609812033105,0,PS,PS
367,0.9204370766268792,0.1213536448060597,0.2243852746192809,-0.2949066607865693,0,0,0,0,0,-1.4085339949708198e-05,0,0.0056623215195942,0,0,0,0,0,0,21.09877699643257,0,PS,PS
368,0.9161785865149388,0.1732647910100122,0.0291776306449058,-0.3833243867069249,0,0,0,0,0,-3.908588681281167e-06,0,0.0046628843368459,0,0,0,0,0,0,21.76216836285403,0,PS,PS
369,0.9484737418402772,0.1267853174340514,0.0306352795354216,-0.2649269299042176,0,0,0,0,0,-1.4210223888055552e-05,0,0.0079099444621907,0,0,0,0,0,0,21.099706127580703,0,PS,PS
370,1.0656882625526487,-0.0005446859999926,-0.5664355381635029,-0.9518808002372674,0,0,0,0,0,-4.700385898747555e-05,0,0.0199445463358714,0,0,0,0,0,0,20.941743526759748,0,PS,PS
371,0.9352608941191236,0.1175172314493036,-0.0492962954439768,-0.0918045959224047,0,0,0,0,0,-1.3113912080134682e-06,0,0.0070117395114213,0,0,0,0,0,0,21.498683052970648,0,PS,PS
372,0.9135083694692808,0.1708888168698878,0.3683890199127968,-0.2774475895415564,0,0,0,0,0,-1.718841657367194e-05,0,0.005430344753457,0,0,0,0,0,0,21.034149467516432,0,PS,PS
373,0.940879933239803,0.140066922750714,0.2659628146777564,-0.0900065139742773,0,0,0,0,0,-1.4653764343163567e-05,0,0.00385555237364,0,0,0,0,0,0,22.40400423215064,0,PS,PS
374,0.8397761449467493,0.2599767139818452,0.426392263349769,-0.1600853693803325,0,0,0,0,0,-7.194770543705632e-06,0,0.0009839616429201,0,0,0,0,0,0,21.694422840518094,0,PS,PS
375,0.8596564401308875,0.1949648993314729,0.4329920735704156,-0.1782454056815825,0,0,0,0,0,-1.4628645814532671e-05,0,0.0046917358952493,0,0,0,0,0,0,21.076971479969394,0,PS,PS
376,0.6357076433299258,0.5191104198812617,0.5180045647708424,0.2376610385189557,0,0,0,0,0,-3.855403513999512e-05,0,0.0004219340382608,0,0,0,0,0,0,20.7513374241434,0,PS,PS
377,0.9456886331782784,0.1298681817963496,-0.1427855439394696,-0.1849094088911487,0,0,0,0,0,-1.34616514079275e-05,0,0.0072729193691264,0,0,0,0,0,0,21.54331674119093,0,PS,PS
378,0.7129315845353412,0.3879552983475585,0.5059322470074066,0.0426656088174146,0,0,0,0,0,-1.4703630085997734e-05,0,0.001959932119874,0,0,0,0,0,0,21.21888304256837,0,PS,PS
