,a,b,c,d,alpha1,beta1,gamma1,delta1,eps1,dseta1,eta1,alpha2,beta2,gamma2,delta2,eps2,dseta2,eta2,dist,subpopulation,perturb_type_x_context,perturb_type_x_context_x_subpopulation
0,0.5051415248999254,0.0824374355647847,0.0427540197755957,-0.1807978570460409,0,0,0,0,0,0.0001777128585619,0,0.0007227908526327,0,0,0,0,0,0,64.31322877707987,0,PSSCpure,PSSCpure0
1,0.4502456734359166,0.3420734795302449,-0.0536999201469574,-0.3455871612929029,0,0,0,0,0,0.0001755559566378,0,0.0028066047315003,0,0,0,0,0,0,65.73992637099066,0,PSSCpure,PSSCpure0
2,0.552082090483351,-0.0313142644113861,-0.135797094068075,0.1284461005216175,0,0,0,0,0,0.0001920209651737,0,0.001279711596644,0,0,0,0,0,0,65.57788845913802,0,PSSCpure,PSSCpure0
3,0.4589366549384497,0.2149354723543632,-0.1262724638531547,-0.1779889148048798,0,0,0,0,0,0.0001919618578535,0,0.0004838512626812,0,0,0,0,0,0,62.67264382993133,0,PSSCpure,PSSCpure0
4,0.4586477798047736,0.1640806681353428,-0.1015505001504708,-0.1224608729454026,0,0,0,0,0,0.0001959809946989,0,-0.0033425245152853,0,0,0,0,0,0,63.540298539823375,0,PSSCpure,PSSCpure0
5,0.4992074972045555,0.1334920443937872,0.0408990066043681,-0.2406885692964984,0,0,0,0,0,0.0001940591796829,0,0.0011457470547465,0,0,0,0,0,0,62.3229048892491,0,PSSCpure,PSSCpure0
6,0.4975372983226314,0.3150023434749198,-0.2101657482503767,-0.0919249143258607,0,0,0,0,0,0.000188655550522,0,0.0013070860183951,0,0,0,0,0,0,64.34614980973397,0,PSSCpure,PSSCpure0
7,0.5366121990613615,0.2167801227860875,-0.0194750277190505,-0.096968908246497,0,0,0,0,0,0.0001665725007955,0,0.0013078897276945,0,0,0,0,0,0,64.39015534373861,0,PSSCpure,PSSCpure0
8,0.5032497588860343,0.1740845359012053,0.0768488639097944,-0.0949731243323308,0,0,0,0,0,0.0001852987212143,0,0.0030015811808418,0,0,0,0,0,0,63.26285404589289,0,PSSCpure,PSSCpure0
9,0.4777306185588692,0.2387718148270949,-0.0230277700203251,-0.08250362744491,0,0,0,0,0,0.0001940215651727,0,0.0037840060802615,0,0,0,0,0,0,62.92240729508536,0,PSSCpure,PSSCpure0
10,0.4091197024946496,0.2402946810105022,-0.0510567550168399,-0.2845721951900506,0,0,0,0,0,0.000178379484869,0,0.001695644768641,0,0,0,0,0,0,66.59611996641048,0,PSSCpure,PSSCpure0
11,0.5356235971255519,0.1645445742390148,-0.2791659998225806,-0.0100812824435942,0,0,0,0,0,0.0001783842632393,0,4.992930330226741e-05,0,0,0,0,0,0,64.28046116423438,0,PSSCpure,PSSCpure0
12,0.4458593671815101,0.2042096796380188,0.3077827242852153,-0.3281260903125158,0,0,0,0,0,0.0001738440110394,0,0.0031646972806075,0,0,0,0,0,0,65.51481745693943,0,PSSCpure,PSSCpure0
13,0.4880262882199666,0.055664734788809,-0.0049967217881206,-0.1024548149731274,0,0,0,0,0,0.000177971512594,0,0.0015574304009144,0,0,0,0,0,0,65.55374529872185,0,PSSCpure,PSSCpure0
14,0.5022358195972276,0.1885203522074974,-0.1211276036220105,0.1050323511791186,0,0,0,0,0,0.0001727170342777,0,0.0016803943650024,0,0,0,0,0,0,63.97015207225801,0,PSSCpure,PSSCpure0
15,0.4902821365116931,0.1225432375628474,-0.1130815583563056,0.2006135015351078,0,0,0,0,0,0.000194621304181,0,0.0004801007227764,0,0,0,0,0,0,63.07737177401311,0,PSSCpure,PSSCpure0
16,0.5457583284141094,0.1699769435169598,-0.2205111636983685,0.0461196962906305,0,0,0,0,0,0.0001744715523386,0,-0.0014134467437331,0,0,0,0,0,0,64.40943620351466,0,PSSCpure,PSSCpure0
17,0.455900384731605,0.1809701306310938,0.0722529167530776,0.0131453426294521,0,0,0,0,0,0.0001944612517418,0,0.0022419382046612,0,0,0,0,0,0,62.91555518239685,0,PSSCpure,PSSCpure0
18,0.4769011704918235,0.1066328757949253,0.1149698583671807,-0.1127387205585057,0,0,0,0,0,0.0001997433223289,0,0.0063703556750535,0,0,0,0,0,0,64.76894022842117,0,PSSCpure,PSSCpure0
19,0.5263091594994274,0.1513346227475676,-0.0637740192192746,-0.0236284363029972,0,0,0,0,0,0.0001996525965958,0,0.0024882774979697,0,0,0,0,0,0,63.05432118809831,0,PSSCpure,PSSCpure0
20,0.4226684828322122,0.2255059305832238,-0.217145878395117,-0.1607488826020058,0,0,0,0,0,0.0001974416463009,0,-0.0040387916930123,0,0,0,0,0,0,64.52511163726736,0,PSSCpure,PSSCpure0
21,0.4588410636984434,0.2454991744985895,-0.0156385001285412,-0.2125645868137049,0,0,0,0,0,0.0001950420453319,0,0.0012616507602726,0,0,0,0,0,0,62.15681069077488,0,PSSCpure,PSSCpure0
22,0.4807881526178419,0.2990163997495823,0.0155241201243705,-0.2533568314935523,0,0,0,0,0,0.0001920262484779,0,-0.0008895670193505,0,0,0,0,0,0,64.08767571214803,0,PSSCpure,PSSCpure0
23,0.5066974812803178,0.1673039746116282,-0.2148786992999887,-0.0688065801773667,0,0,0,0,0,0.0001634775024436,0,0.0019364113669283,0,0,0,0,0,0,65.49283584048632,0,PSSCpure,PSSCpure0
24,0.5161156899997361,0.1838080851279366,-0.1054589772597425,-0.2164906652872447,0,0,0,0,0,0.0001856828067332,0,0.0017365667271147,0,0,0,0,0,0,63.443673786954406,0,PSSCpure,PSSCpure0
25,0.4868781809453799,0.1724638196468433,-0.1827183965172296,-0.2491075083952056,0,0,0,0,0,0.0001689084078094,0,-0.0026077678011444,0,0,0,0,0,0,65.60858999479696,0,PSSCpure,PSSCpure0
26,0.5335019521698561,0.1385382081725943,0.1499666460608608,-0.4590998369481818,0,0,0,0,0,0.0001635592319662,0,0.0025108425507884,0,0,0,0,0,0,66.67049214694194,0,PSSCpure,PSSCpure0
27,0.4647532086477377,0.1930821749501667,0.0701607368471752,-0.2847722070912211,0,0,0,0,0,0.000173960426035,0,0.0028801068214035,0,0,0,0,0,0,64.47282926386461,0,PSSCpure,PSSCpure0
28,0.4922020354033818,0.2485427987446677,0.0176957729292817,-0.2583455632572478,0,0,0,0,0,0.0001690168849694,0,0.0033192799617843,0,0,0,0,0,0,64.39870247677256,0,PSSCpure,PSSCpure0
29,0.4613187678315285,0.1794470891191419,-0.0867832961807741,-0.2691900615819709,0,0,0,0,0,0.0001988063455304,0,0.0015459478551299,0,0,0,0,0,0,62.61032127213456,0,PSSCpure,PSSCpure0
30,0.4842213136087365,0.1744737611840503,-0.0456018214858697,0.1057701104505675,0,0,0,0,0,0.0001815576218968,0,0.0040069587373493,0,0,0,0,0,0,64.13766513596016,0,PSSCpure,PSSCpure0
31,0.4725111546096836,0.1802558906187332,-0.0680189717661412,0.1181163704268142,0,0,0,0,0,0.0001911032958134,0,0.0035402570911303,0,0,0,0,0,0,63.30751734764701,0,PSSCpure,PSSCpure0
32,0.4538874500003751,0.2579810545200489,-0.0996185622638172,0.0328006305064336,0,0,0,0,0,0.0001771730143877,0,0.0013534264155136,0,0,0,0,0,0,64.32244705111685,0,PSSCpure,PSSCpure0
33,0.5166567985879476,0.0842673301223442,-0.1849831042617036,-0.0080459496192304,0,0,0,0,0,0.0001949605189328,0,-0.0009144038531332,0,0,0,0,0,0,62.8857671245676,0,PSSCpure,PSSCpure0
34,0.4981933127880258,0.1383447078326645,-0.1513605503135895,0.2627276063770303,0,0,0,0,0,0.0001631109637492,0,-0.003132616686109,0,0,0,0,0,0,68.00226162602884,0,PSSCpure,PSSCpure0
35,0.5510538331051129,0.0510003986698612,-0.2133720804319649,0.0736083835113325,0,0,0,0,0,0.0001752093931781,0,-0.0002499232779763,0,0,0,0,0,0,65.12495432513114,0,PSSCpure,PSSCpure0
36,0.5203808348304086,0.051328159853341,-0.0330039954214693,-0.0806939810688189,0,0,0,0,0,0.0001883961802455,0,-0.0009354510364673,0,0,0,0,0,0,63.64464845881911,0,PSSCpure,PSSCpure0
37,0.5025224448051708,0.1561724571693075,-0.0375211053300672,-0.0240126216585179,0,0,0,0,0,0.000198950867037,0,-0.001843603155325,0,0,0,0,0,0,63.20988025660088,0,PSSCpure,PSSCpure0
38,0.4799305482327596,0.2093396361851893,-0.1054083217207593,0.1452235751403567,0,0,0,0,0,0.0001692690291927,0,-0.000361827564459,0,0,0,0,0,0,65.25228273301344,0,PSSCpure,PSSCpure0
39,0.5457951911976515,0.1328843283440783,0.1620020300473994,-0.3227036320862413,0,0,0,0,0,0.0001812195662503,0,0.0025361572077486,0,0,0,0,0,0,65.14577688302879,0,PSSCpure,PSSCpure0
40,0.4797723457128731,0.1344309098475422,-0.0234762186444978,-0.2211513043699651,0,0,0,0,0,0.0001920085549303,0,0.0028822171116654,0,0,0,0,0,0,63.19298265137603,0,PSSCpure,PSSCpure0
41,0.4666024070035992,0.1741823180516957,-0.0505110602669736,-0.2946670536977462,0,0,0,0,0,0.0001947529075248,0,-0.0027314493868679,0,0,0,0,0,0,63.21412370699632,0,PSSCpure,PSSCpure0
42,0.5084459990102688,0.0225770010545889,-0.0718104129193861,0.1478678417353669,0,0,0,0,0,0.0001960725856743,0,-3.053028975328997e-05,0,0,0,0,0,0,63.87618901920802,0,PSSCpure,PSSCpure0
43,0.4452502468093668,0.1868100965894248,-0.1265636844481013,0.1363689129601057,0,0,0,0,0,0.0001965706570596,0,0.0062395104566745,0,0,0,0,0,0,65.42003744329797,0,PSSCpure,PSSCpure0
44,0.4636363462722817,0.2216202897375634,-0.1175609532896306,0.0001039432583396,0,0,0,0,0,0.0001963621207144,0,-0.0028405713682423,0,0,0,0,0,0,64.01244792994113,0,PSSCpure,PSSCpure0
45,0.5397347291806431,0.0450619497545576,0.0285731125864838,0.0199313271192544,0,0,0,0,0,0.0001771067806748,0,0.0025732162547063,0,0,0,0,0,0,64.83994898881704,0,PSSCpure,PSSCpure0
46,0.499031143858462,0.1991793465413738,-0.1359179529003484,0.001573015308665,0,0,0,0,0,0.000180512305971,0,0.0017583304819685,0,0,0,0,0,0,63.1403774272668,0,PSSCpure,PSSCpure0
47,0.4699592338895315,0.1712675414433575,0.0445635560264916,-0.0442656863263686,0,0,0,0,0,0.0001952155864578,0,0.002933136424659,0,0,0,0,0,0,62.39534196702113,0,PSSCpure,PSSCpure0
48,0.4531703998545393,0.2045794803723883,0.1885084834698731,-0.1919160145167926,0,0,0,0,0,0.0001944959989518,0,0.003223359072301,0,0,0,0,0,0,63.04555870841644,0,PSSCpure,PSSCpure0
49,0.4838328666136413,0.1130151390869342,-0.1759748640345484,-0.0514323495732491,0,0,0,0,0,0.0001921481911652,0,-0.0026209586202825,0,0,0,0,0,0,63.43706879032203,0,PSSCpure,PSSCpure0
50,0.4828448386464319,0.1795035408041809,-0.1930530844745877,0.0603688403368383,0,0,0,0,0,0.0001836075266529,0,-0.0012713309369057,0,0,0,0,0,0,63.70554628920812,0,PSSCpure,PSSCpure0
51,0.4435667305749957,0.217291944537298,-0.106596993093436,-0.0709147204694051,0,0,0,0,0,0.0001920922378518,0,0.0024788950469102,0,0,0,0,0,0,63.05553007092266,0,PSSCpure,PSSCpure0
52,0.5618451344621471,0.0781974833382808,0.0076430766845767,-0.0914367995400593,0,0,0,0,0,0.0001888834201631,0,-0.0029425557308292,0,0,0,0,0,0,66.17743870835736,0,PSSCpure,PSSCpure0
53,0.4514177179890835,0.2886126576163881,-0.051378804406494,-0.1613783443895877,0,0,0,0,0,0.0001823204511288,0,-0.0011588508932976,0,0,0,0,0,0,64.31346155733674,0,PSSCpure,PSSCpure0
54,0.4685498209161016,0.2727830632254022,0.0337127209127507,-0.0814460861629067,0,0,0,0,0,0.0001929240997054,0,0.0005336486717139,0,0,0,0,0,0,63.20006887016896,0,PSSCpure,PSSCpure0
55,0.5236622236427131,0.0510306384154866,-0.1646474601610035,0.0500682657950632,0,0,0,0,0,0.0001942044369603,0,0.0020366350777329,0,0,0,0,0,0,64.18431191762947,0,PSSCpure,PSSCpure0
56,0.4968618358873828,0.1639229067516256,0.2985222432991978,-0.3704168495656761,0,0,0,0,0,0.0001701447034355,0,0.0016775105616184,0,0,0,0,0,0,65.56736872460897,0,PSSCpure,PSSCpure0
57,0.4473625570145292,0.1986930682523557,0.0280245055995789,-0.2578731285924818,0,0,0,0,0,0.0001937188223525,0,0.0033089736714461,0,0,0,0,0,0,62.87839080321918,0,PSSCpure,PSSCpure0
58,0.5696476621645985,0.0886314779106345,-0.0071051611576333,-0.0262868208629167,0,0,0,0,0,0.0001705121503721,0,0.0006646044957686,0,0,0,0,0,0,65.10544310669441,0,PSSCpure,PSSCpure0
59,0.4514484505318448,0.2086796753060165,0.1390282985761395,-0.1476994448690283,0,0,0,0,0,0.0001874439500169,0,0.0048495260159591,0,0,0,0,0,0,63.9986228625296,0,PSSCpure,PSSCpure0
60,0.5578570230609019,0.0875732242054363,-0.0468371007766008,-0.1012599481039051,0,0,0,0,0,0.0001716379328689,0,-0.000941053647638,0,0,0,0,0,0,64.74237135235273,0,PSSCpure,PSSCpure0
61,0.5215763232320234,0.1480683853785813,-0.0478727487068364,-0.0270552752527968,0,0,0,0,0,0.0001934085675281,0,-0.0005559320390485,0,0,0,0,0,0,62.814444715206186,0,PSSCpure,PSSCpure0
62,0.4818914920776724,0.166698620402486,0.0833526739697649,-0.1758383730572486,0,0,0,0,0,0.0001910275860802,0,0.0017369475087747,0,0,0,0,0,0,62.3908006184071,0,PSSCpure,PSSCpure0
63,0.4672384543272363,0.1440981945693176,0.2457053985673316,-0.3218551885161893,0,0,0,0,0,0.0001987353120311,0,0.0015108718917089,0,0,0,0,0,0,62.87214991283109,0,PSSCpure,PSSCpure0
64,0.4799194617656601,0.1039016841367801,0.1999542507401548,-0.4405370137760778,0,0,0,0,0,0.0001955643796292,0,8.778419078345757e-05,0,0,0,0,0,0,63.67958948481002,0,PSSCpure,PSSCpure0
65,0.4417128560692638,0.2033512908311148,-0.0731959136915172,-0.2091187761574942,0,0,0,0,0,0.000188091861939,0,-0.0049238611116681,0,0,0,0,0,0,65.61132914895133,0,PSSCpure,PSSCpure0
66,0.4719257325637116,0.1488019154191904,-0.0161121275444309,0.2265494136219095,0,0,0,0,0,0.0001942673600325,0,0.0021921637048613,0,0,0,0,0,0,63.85739925290967,0,PSSCpure,PSSCpure0
67,0.4438548237915176,0.3394868261738852,0.044633794247944,-0.2525702710086692,0,0,0,0,0,0.0001957944299099,0,0.0025210615717881,0,0,0,0,0,0,63.62104010622518,0,PSSCpure,PSSCpure0
68,0.4549534677162352,0.1878670463912892,-0.0035376173252876,-0.1832288475142285,0,0,0,0,0,0.0001985243334999,0,-0.0018091075711311,0,0,0,0,0,0,62.77572363586324,0,PSSCpure,PSSCpure0
69,0.442877995362029,0.294749188175937,0.0671851785629535,-0.3668291089646729,0,0,0,0,0,0.0001853945964966,0,-0.0014621266281849,0,0,0,0,0,0,65.10047971870155,0,PSSCpure,PSSCpure0
70,0.4772002323482383,0.2172023327695447,-0.1352786446761964,-0.0154146647783406,0,0,0,0,0,0.0001763076207148,0,0.0022727449795196,0,0,0,0,0,0,63.81683199693462,0,PSSCpure,PSSCpure0
71,0.5021149426552385,0.2197926542579278,-0.1798513516731963,0.0669366012133423,0,0,0,0,0,0.0001564391150655,0,0.0013886487128093,0,0,0,0,0,0,65.5710579055307,0,PSSCpure,PSSCpure0
72,0.4719140644349706,0.1465097776189887,0.0402367282948916,-0.1565458898256628,0,0,0,0,0,0.0001864685211872,0,0.0017132058255887,0,0,0,0,0,0,63.06520414963261,0,PSSCpure,PSSCpure0
73,0.5040945147185605,0.1688700704234564,-0.1061787114526193,-0.2107776497496647,0,0,0,0,0,0.0001960120084275,0,-0.0008405682087044,0,0,0,0,0,0,62.34139252566335,0,PSSCpure,PSSCpure0
74,0.5075285602732134,0.0657092804370087,-0.0032736906126942,-0.1684719774255831,0,0,0,0,0,0.0001949516372339,0,0.0045289873875535,0,0,0,0,0,0,64.94598663606695,0,PSSCpure,PSSCpure0
75,0.5061043295225933,0.099141896130682,-0.1903114204201634,0.2663580154545233,0,0,0,0,0,0.0001845162812416,0,0.0006548808103779,0,0,0,0,0,0,64.00938077825714,0,PSSCpure,PSSCpure0
76,0.5025853579917197,0.16072462086488,-0.2839900383944411,0.0967198369270319,0,0,0,0,0,0.0001963259513578,0,-0.0006996198422842,0,0,0,0,0,0,62.89047632691094,0,PSSCpure,PSSCpure0
77,0.5116075551758921,0.1516236403195079,-0.0624720846199911,-0.1061174947591652,0,0,0,0,0,0.0001794841091672,0,0.0026274284264844,0,0,0,0,0,0,63.42962162398138,0,PSSCpure,PSSCpure0
78,0.4833903940192785,0.142280369449808,0.1507789699197199,-0.184652973272793,0,0,0,0,0,0.0001945516292478,0,0.0010717768345941,0,0,0,0,0,0,62.67386713916431,0,PSSCpure,PSSCpure0
79,0.4776672701466684,0.1071585241272101,-0.1361869355355507,-0.0101520546677527,0,0,0,0,0,0.0001992120238979,0,0.0011183607557034,0,0,0,0,0,0,62.5745354811581,0,PSSCpure,PSSCpure0
80,0.5198505100571622,0.1683417519958308,-0.2067035838026147,-0.1254627817570641,0,0,0,0,0,0.0001906540188973,0,-0.0013440026324428,0,0,0,0,0,0,63.07735122767701,0,PSSCpure,PSSCpure0
81,0.47776751741275,0.233232243714518,0.078243761805703,-0.2899141494186779,0,0,0,0,0,0.0001849955226447,0,-0.0001330582830733,0,0,0,0,0,0,63.38641800466583,0,PSSCpure,PSSCpure0
82,0.4533709992562293,0.0998283136046724,-0.0770421971387838,0.1958992595875606,0,0,0,0,0,0.0001990446229462,0,0.0022107969734519,0,0,0,0,0,0,63.56824041006281,0,PSSCpure,PSSCpure0
83,0.4450685587115006,0.2203634410280508,-0.0918753492736388,-0.2556105976711362,0,0,0,0,0,0.0001994807177483,0,-0.0027569746651058,0,0,0,0,0,0,63.04793191757318,0,PSSCpure,PSSCpure0
84,0.4704835238507407,0.1788886003279302,0.121165685012162,-0.4092345834966544,0,0,0,0,0,0.0001903978089453,0,0.0020442132788262,0,0,0,0,0,0,63.42915140766187,0,PSSCpure,PSSCpure0
85,0.4726344862791083,0.1869836906015409,-0.0724008989453539,0.1056762572401308,0,0,0,0,0,0.0001994050583909,0,-0.0030331186244315,0,0,0,0,0,0,65.46262857827028,0,PSSCpure,PSSCpure0
86,0.4412077755848145,0.2345375968530643,0.2579250965990143,-0.3275058905371957,0,0,0,0,0,0.0001909965043431,0,0.0050919880437587,0,0,0,0,0,0,64.84076095052143,0,PSSCpure,PSSCpure0
87,0.5656434885936861,0.1603883212217103,-0.1717746189657345,-0.2922017421433436,0,0,0,0,0,0.0001397852859248,0,-0.0002449531838184,0,0,0,0,0,0,68.06337394910678,0,PSSCpure,PSSCpure0
88,0.5341619849836174,0.2274171357092296,-0.1740964813724621,0.0967022671799839,0,0,0,0,0,0.0001864714927191,0,0.0002729437870814,0,0,0,0,0,0,64.27382612943572,0,PSSCpure,PSSCpure0
89,0.4528994256039085,0.2433946667692677,-0.1587070773031287,-0.1076296538126113,0,0,0,0,0,0.0001779198641978,0,-0.0019888434966967,0,0,0,0,0,0,64.93474821159454,0,PSSCpure,PSSCpure0
90,0.4368074033564189,0.312708253905388,-0.161026859781826,-0.3018802484705754,0,0,0,0,0,0.0001989461276754,0,-0.0011228357019394,0,0,0,0,0,0,63.78082906798268,0,PSSCpure,PSSCpure0
91,0.5274697169931786,0.1547105515456759,0.0954097286416595,-0.1720806544979853,0,0,0,0,0,0.000170284647685,0,0.000958535997456,0,0,0,0,0,0,64.30442617588264,0,PSSCpure,PSSCpure0
92,0.4615922442560385,0.1452348553117768,0.0778120405568452,-0.1276238815565924,0,0,0,0,0,0.0001944720348943,0,-0.0002374249929528,0,0,0,0,0,0,63.03813146085784,0,PSSCpure,PSSCpure0
93,0.5002853031817183,0.2525850818257331,-0.2701965630338676,0.1134455855558638,0,0,0,0,0,0.0001832835948072,0,-0.0016402818638184,0,0,0,0,0,0,64.93715514290689,0,PSSCpure,PSSCpure0
94,0.4809044749078914,0.1226475237271009,-0.0046219849625768,-0.2563263651995018,0,0,0,0,0,0.0001872556609456,0,0.0014111589585665,0,0,0,0,0,0,63.467573940261765,0,PSSCpure,PSSCpure0
95,0.4759913760137051,0.1824840646316641,0.1294716412511558,-0.2370173997599227,0,0,0,0,0,0.0001908962340823,0,0.0008505433431396,0,0,0,0,0,0,62.71561651292896,0,PSSCpure,PSSCpure0
96,0.4814689626581483,0.2679368784834675,-0.0769133309897829,-0.1992442764189508,0,0,0,0,0,0.0001849037147834,0,-0.0016542176656026,0,0,0,0,0,0,63.695928695703216,0,PSSCpure,PSSCpure0
97,0.4334252023270082,0.2465590998208129,0.0888818727209947,-0.206183886446325,0,0,0,0,0,0.0001829064395983,0,0.0007127158503632,0,0,0,0,0,0,64.04165129900343,0,PSSCpure,PSSCpure0
98,0.5023573560426389,0.0768634063613085,0.1817450131726072,-0.2297583485241483,0,0,0,0,0,0.0001941073666759,0,-0.0007070786344085,0,0,0,0,0,0,63.779793635436256,0,PSSCpure,PSSCpure0
99,0.4618840324495883,0.2490411068421414,0.0041238040102902,0.1681924579564078,0,0,0,0,0,0.0001971393705261,0,0.0014974132689948,0,0,0,0,0,0,64.52048496515386,0,PSSCpure,PSSCpure0
100,0.4973940819513278,0.0967665011049834,0.0248362205022014,-0.3420576893375664,0,0,0,0,0,0.0001867483531536,0,-0.0003964091364531,0,0,0,0,0,0,63.87958412641472,0,PSSCpure,PSSCpure0
101,0.4739146000031904,0.0795472285776797,0.0684817519470035,-0.1499401349773175,0,0,0,0,0,0.0001969845778673,0,0.0028998608626971,0,0,0,0,0,0,63.23393339199789,0,PSSCpure,PSSCpure0
102,0.5463626032359312,0.1981621555768207,-0.1875686518299875,0.122191215502458,0,0,0,0,0,0.0001807884478082,0,0.0012198948089113,0,0,0,0,0,0,64.56194890739933,0,PSSCpure,PSSCpure0
103,0.5058658147849369,0.224927747225605,-0.043020999500249,-0.2675915492313014,0,0,0,0,0,0.0001906881776182,0,0.0028381244738596,0,0,0,0,0,0,63.78698289117531,0,PSSCpure,PSSCpure0
104,0.5397564155073185,-0.0375283899560456,0.1973125838335683,-0.339831223437318,0,0,0,0,0,0.0001960700536072,0,-0.0007933105225587,0,0,0,0,0,0,65.08490000213347,0,PSSCpure,PSSCpure0
105,0.47790933167055,0.1765593373721015,-0.3216163059057577,-0.0587223931785767,0,0,0,0,0,0.0001799878818631,0,-0.002028452791027,0,0,0,0,0,0,64.72659416663018,0,PSSCpure,PSSCpure0
106,0.4498840770828978,0.0983733495913652,0.0603710983165104,-0.1581043300657647,0,0,0,0,0,0.0001955286563413,0,0.0013612156650393,0,0,0,0,0,0,63.76859175191508,0,PSSCpure,PSSCpure0
107,0.5210657829790017,0.0543191692540276,-0.0876797784944116,0.0097097200387143,0,0,0,0,0,0.0001915309517809,0,0.0019997156367922,0,0,0,0,0,0,63.63637800478526,0,PSSCpure,PSSCpure0
108,0.4698428927906852,0.1070368953551352,-0.1276092957316403,0.1375586477908474,0,0,0,0,0,0.0001968466914414,0,-0.0010077477872123,0,0,0,0,0,0,63.46345192643326,0,PSSCpure,PSSCpure0
109,0.4683027609513557,0.0617683818203662,-0.1101761031502701,-0.1386443810043325,0,0,0,0,0,0.0001979567892884,0,0.0018907605757485,0,0,0,0,0,0,64.48805292119013,0,PSSCpure,PSSCpure0
110,0.504808959623229,0.1033204280213788,0.074512296070119,-0.3295720235697428,0,0,0,0,0,0.0001794475052467,0,-0.0002514602248996,0,0,0,0,0,0,64.2616424975802,0,PSSCpure,PSSCpure0
111,0.4845819321048878,0.1821974898904423,-0.2472158040743024,-0.1669744040132805,0,0,0,0,0,0.0001994180628493,0,-0.0008142041930847,0,0,0,0,0,0,62.73554898205187,0,PSSCpure,PSSCpure0
112,0.4044517690230242,0.210831333177635,-0.0443597578941368,-0.4305238540357168,0,0,0,0,0,0.0001976729337473,0,-0.0045734828496999,0,0,0,0,0,0,66.07715468457765,0,PSSCpure,PSSCpure0
113,0.5696023520016427,-0.0616461355893911,0.0193119453106209,-0.0241847593437152,0,0,0,0,0,0.000183757705505,0,-0.0012915544964129,0,0,0,0,0,0,66.25798083063874,0,PSSCpure,PSSCpure0
114,0.469953026464847,0.1540453048330055,0.1861307294388554,-0.0088714811232519,0,0,0,0,0,0.0001966252910231,0,0.003053093963297,0,0,0,0,0,0,64.26122532603655,0,PSSCpure,PSSCpure0
115,0.52239647470057,0.2500978350848242,-0.1674340641587828,-0.0548584428546927,0,0,0,0,0,0.0001860029281087,0,-0.0010585828221716,0,0,0,0,0,0,63.86773855405568,0,PSSCpure,PSSCpure0
116,0.4850288378440806,0.208889211058858,-0.1071182235408114,-0.0023961466953585,0,0,0,0,0,0.0001751758456979,0,0.0001896898802034,0,0,0,0,0,0,63.76931865721525,0,PSSCpure,PSSCpure0
117,0.5242863615167832,0.1199929268894894,0.0373382121137293,-0.3241389640007386,0,0,0,0,0,0.0001769011375459,0,-0.0007159202660324,0,0,0,0,0,0,64.28501565341162,0,PSSCpure,PSSCpure0
118,0.5323112694720669,0.0569977879685317,0.0954449426090167,-0.3212150350155451,0,0,0,0,0,0.0001637128025683,0,0.0014568738672355,0,0,0,0,0,0,66.42020603194563,0,PSSCpure,PSSCpure0
119,0.4909791750086367,0.1139022929610846,0.3404047095025144,-0.3156034196251489,0,0,0,0,0,0.0001869225239305,0,0.0008940932823531,0,0,0,0,0,0,64.91975061247057,0,PSSCpure,PSSCpure0
120,0.4092411686363313,0.1366391587868913,-0.1008579633362494,-0.1366425818508807,0,0,0,0,0,0.0001924913776675,0,0.0042868531509021,0,0,0,0,0,0,66.66209060850012,0,PSSCpure,PSSCpure0
121,0.4759255255307684,0.2261887954834236,0.0393841895799949,-0.1198635279172595,0,0,0,0,0,0.0001808657360786,0,0.0007535511126354,0,0,0,0,0,0,63.25771103803408,0,PSSCpure,PSSCpure0
122,0.4881117834306558,0.2300558821308675,-0.301359070908636,0.1084141185274614,0,0,0,0,0,0.0001935779187757,0,0.0016569144527298,0,0,0,0,0,0,64.16797463526504,0,PSSCpure,PSSCpure0
123,0.4905894406425277,0.1159481446149741,0.005027854256062,-0.0288738485789035,0,0,0,0,0,0.0001907829376825,0,0.0007990310106732,0,0,0,0,0,0,62.77508355683045,0,PSSCpure,PSSCpure0
124,0.5104762933756666,0.0796956324654565,-0.0581213458187936,-0.0837791619705099,0,0,0,0,0,0.000175578596165,0,-0.003407428367506,0,0,0,0,0,0,65.53192972293294,0,PSSCpure,PSSCpure0
125,0.5159411161057164,0.1648802826957855,0.0328075202675366,-0.285346984887826,0,0,0,0,0,0.0001516084236884,0,0.0010834963894089,0,0,0,0,0,0,66.15921996091971,0,PSSCpure,PSSCpure0
126,0.4537210490267109,0.3058727269162542,-0.1356439856646834,-0.1741599930239019,0,0,0,0,0,0.0001812658622033,0,-0.0010195951395089,0,0,0,0,0,0,64.49789989943862,0,PSSCpure,PSSCpure0
127,0.4205362694932653,0.2290979425914563,0.2132961888822611,-0.0645365187736384,0,0,0,0,0,0.0001869424646977,0,0.0008710151330031,0,0,0,0,0,0,65.06800178393351,0,PSSCpure,PSSCpure0
128,0.4854785773339105,0.2629215688782866,-0.2317137456780147,0.2476941211282439,0,0,0,0,0,0.0001838763906835,0,0.0003064724584477,0,0,0,0,0,0,65.60709370711835,0,PSSCpure,PSSCpure0
129,0.4846504472194808,0.2308854582280641,0.0394318731856722,-0.2686304999748079,0,0,0,0,0,0.0001888654072974,0,-0.0004916100242535,0,0,0,0,0,0,63.051473163356576,0,PSSCpure,PSSCpure0
130,0.4720911823303089,0.2095710007427786,-0.0599337471390997,-0.3561502952361852,0,0,0,0,0,0.0001980799429027,0,0.000937553223713,0,0,0,0,0,0,62.91926502629825,0,PSSCpure,PSSCpure0
131,0.4969055871541101,0.2004062940510231,0.0949516696231325,-0.3100258557092614,0,0,0,0,0,0.0001817372669196,0,0.0007295960720421,0,0,0,0,0,0,63.41761945769916,0,PSSCpure,PSSCpure0
132,0.4676644280151363,0.176093174438535,0.1945956269500621,-0.4609272966707345,0,0,0,0,0,0.000173136277,0,0.0015210363834006,0,0,0,0,0,0,65.66068625834926,0,PSSCpure,PSSCpure0
133,0.5270959101588777,0.0124418389590901,0.0960804140707325,-0.1870916190006253,0,0,0,0,0,0.0001808204394627,0,0.0033976031492777,0,0,0,0,0,0,65.66266232348303,0,PSSCpure,PSSCpure0
134,0.4470327161738403,0.144529070619674,0.1456221371525994,-0.3942673474292157,0,0,0,0,0,0.0001972742713523,0,0.0026504290482759,0,0,0,0,0,0,63.43281704049716,0,PSSCpure,PSSCpure0
135,0.4446980728848708,0.1527930223519535,-0.1427053614765074,-0.1842878931515386,0,0,0,0,0,0.0001906331732544,0,-0.0022111520983271,0,0,0,0,0,0,64.29557427880486,0,PSSCpure,PSSCpure0
136,0.5418629750556803,0.2300114304480573,-0.0482457278232337,-0.3305214727283432,0,0,0,0,0,0.0001679434891048,0,0.0022018424895215,0,0,0,0,0,0,65.91980345781818,0,PSSCpure,PSSCpure0
137,0.4904850151283835,0.2448977876673805,-0.1002213857634879,-0.219185771738706,0,0,0,0,0,0.0001702960250463,0,-0.0014021556569839,0,0,0,0,0,0,64.4525610217392,0,PSSCpure,PSSCpure0
138,0.4410399475857729,0.2232856408085601,0.0824832387044325,-0.0328092462426463,0,0,0,0,0,0.0001655866069141,0,0.0040317018845175,0,0,0,0,0,0,65.8911233846069,0,PSSCpure,PSSCpure0
139,0.4964351551666333,0.1433081225859718,-0.1153710435626906,0.1898517360717289,0,0,0,0,0,0.0001868291920064,0,0.0022553360750752,0,0,0,0,0,0,63.44869993370234,0,PSSCpure,PSSCpure0
140,0.4803102404500046,0.0250427437500682,0.2243111396460992,-0.0754568505824826,0,0,0,0,0,0.0001995297328534,0,0.0050456119346376,0,0,0,0,0,0,65.02561219496224,0,PSSCpure,PSSCpure0
141,0.4384367373681987,0.1789398456533906,0.0846457964682541,-0.2360313905057054,0,0,0,0,0,0.000187275370395,0,-0.0013264463037484,0,0,0,0,0,0,64.50347763748047,0,PSSCpure,PSSCpure0
142,0.5033580747613988,0.1408759152016294,0.0694165342185266,-0.13067169130342,0,0,0,0,0,0.0001945613609957,0,-0.0009722797064878,0,0,0,0,0,0,63.15687184399566,0,PSSCpure,PSSCpure0
143,0.4737492697146259,0.2866770468722541,-0.0832574632847671,-0.1923750574694245,0,0,0,0,0,0.0001895164110296,0,-0.0016768204453916,0,0,0,0,0,0,63.69786516987868,0,PSSCpure,PSSCpure0
144,0.4503402607552647,0.2338083725390132,-0.0265686679611629,0.0679560742199187,0,0,0,0,0,0.0001928591792784,0,0.0023138229192274,0,0,0,0,0,0,63.04617542544343,0,PSSCpure,PSSCpure0
145,0.4734073571401427,0.2113799155682691,0.1789033295092714,-0.4088740613004487,0,0,0,0,0,0.0001861292578285,0,0.0011284991450467,0,0,0,0,0,0,63.88837088218468,0,PSSCpure,PSSCpure0
146,0.4418361630609397,0.1574707296057402,-0.0475306140081899,0.0103998609804678,0,0,0,0,0,0.0001981918018525,0,0.0060018530648475,0,0,0,0,0,0,64.3654593243502,0,PSSCpure,PSSCpure0
147,0.4410550104366657,0.1876009825972611,0.1529001749017919,-0.3668377005491954,0,0,0,0,0,0.0001995779486841,0,0.0004158617961844,0,0,0,0,0,0,62.85097546846711,0,PSSCpure,PSSCpure0
148,0.5002331804819993,0.0946862958611021,-0.0183777898363974,0.1023670482628138,0,0,0,0,0,0.0001925124644331,0,0.0015059646262454,0,0,0,0,0,0,63.08055329497575,0,PSSCpure,PSSCpure0
149,0.4981179319691269,0.210301554607081,-0.0071003125806554,-0.1543777292427826,0,0,0,0,0,0.0001785111589418,0,0.0016570080991085,0,0,0,0,0,0,63.01392415215959,0,PSSCpure,PSSCpure0
150,0.4776973323412194,0.1598079796443081,-0.0451534411868408,0.0825755335471605,0,0,0,0,0,0.0001735617111185,0,0.0006045542000078,0,0,0,0,0,0,64.51917337128046,0,PSSCpure,PSSCpure0
151,0.4748278479045598,0.1185931655168444,0.1062093672291006,0.033402062218677,0,0,0,0,0,0.000189927146594,0,0.0038869813348462,0,0,0,0,0,0,64.080681272569,0,PSSCpure,PSSCpure0
152,0.4556316236037632,0.1841919025382781,-0.0323789039578374,-0.2147853021063657,0,0,0,0,0,0.0001998730890365,0,0.0011745231751926,0,0,0,0,0,0,61.95439073368153,0,PSSCpure,PSSCpure0
153,0.4919660022432452,0.2428200306969046,-0.1820857387660313,-0.0531919098177626,0,0,0,0,0,0.0001978520914921,0,0.0036816875296512,0,0,0,0,0,0,64.42114210540245,0,PSSCpure,PSSCpure0
154,0.514797184519109,0.0802705962070793,-0.1158375251359438,0.2953880017971975,0,0,0,0,0,0.0001907709778529,0,0.0008718083878489,0,0,0,0,0,0,64.03561003234537,0,PSSCpure,PSSCpure0
155,0.5056406091099137,0.023186994587399,-0.0634502753161185,-0.1906057779236409,0,0,0,0,0,0.0001874111531315,0,-0.0007068703491633,0,0,0,0,0,0,64.93981347915428,0,PSSCpure,PSSCpure0
156,0.5153530148880199,0.1479180768442871,-0.1211875247780349,-0.1868868313686467,0,0,0,0,0,0.000191801065484,0,-0.0032528977300385,0,0,0,0,0,0,63.68887797225761,0,PSSCpure,PSSCpure0
157,0.4608287773988833,0.3040836576919004,0.0998421701610872,-0.2995988708076569,0,0,0,0,0,0.000198614662242,0,0.0001151976478941,0,0,0,0,0,0,63.81444346049469,0,PSSCpure,PSSCpure0
158,0.4936749563332063,0.0302140597038378,-0.1082947346570821,0.3896116280724291,0,0,0,0,0,0.0001952380030996,0,-0.000412168099734,0,0,0,0,0,0,65.46914088981556,0,PSSCpure,PSSCpure0
159,0.4841166876768956,0.1551729610068917,0.0331056390871156,-0.295493875222705,0,0,0,0,0,0.0001906938240604,0,0.0007616251778559,0,0,0,0,0,0,62.66225268385098,0,PSSCpure,PSSCpure0
160,0.5051703146218394,0.2037423553497754,-0.2032178948733156,-0.2822532265117081,0,0,0,0,0,0.0001974861043282,0,-0.0012141969832203,0,0,0,0,0,0,63.94822682827783,0,PSSCpure,PSSCpure0
161,0.4774358717300315,0.1814133375997655,-0.0988834991897682,-0.1809429770477741,0,0,0,0,0,0.0001855525165079,0,0.0018630812820752,0,0,0,0,0,0,63.136239397702205,0,PSSCpure,PSSCpure0
162,0.4648639650759971,0.187383423607919,-0.0619267629947049,-0.3501656003060176,0,0,0,0,0,0.0001921281837485,0,0.0003247930051143,0,0,0,0,0,0,63.22052149402059,0,PSSCpure,PSSCpure0
163,0.5022626584493013,0.1623509291626708,-0.2087708489648299,0.0339367294563706,0,0,0,0,0,0.0001740734408548,0,0.0006676940701709,0,0,0,0,0,0,64.06099664820353,0,PSSCpure,PSSCpure0
164,0.4924415415706802,0.2798071782021107,-0.144511129512733,-0.0489460983642797,0,0,0,0,0,0.00019021458109,0,0.0015766578189346,0,0,0,0,0,0,63.20897442683286,0,PSSCpure,PSSCpure0
165,0.5076136583113455,0.1292055179080184,-0.2561131477511438,0.0040905146448033,0,0,0,0,0,0.0001878578800031,0,-0.0004335197843003,0,0,0,0,0,0,63.3315748582772,0,PSSCpure,PSSCpure0
166,0.4804397758745735,0.1356523805201033,-0.0725011277458376,-0.0464293464049365,0,0,0,0,0,0.0001913171850265,0,-0.0022223086642234,0,0,0,0,0,0,63.435275081977686,0,PSSCpure,PSSCpure0
167,0.4822468537695514,0.2815819704431241,-0.28781540543913,-0.0215197505902755,0,0,0,0,0,0.0001545684473209,0,-0.0005904092256084,0,0,0,0,0,0,67.48840839122644,0,PSSCpure,PSSCpure0
168,0.5591317472309818,0.1384280825423856,-0.1557842058770686,-0.1710887393802469,0,0,0,0,0,0.000186258761355,0,0.0002978490972659,0,0,0,0,0,0,64.98799358746582,0,PSSCpure,PSSCpure0
169,0.5345707778143729,0.170903614828124,-0.1873941017022797,0.1941251795706251,0,0,0,0,0,0.0001902700317589,0,-0.0012044508738879,0,0,0,0,0,0,64.60797376660352,0,PSSCpure,PSSCpure0
170,0.5417046853400778,0.085915014202587,-0.239689218541252,0.1004723371828517,0,0,0,0,0,0.0001946142690056,0,0.0012504800044269,0,0,0,0,0,0,64.44559837392916,0,PSSCpure,PSSCpure0
171,0.4930884006671658,0.1637745740659268,-0.0007476237418135,-0.0580498002651919,0,0,0,0,0,0.0001970997270812,0,0.0021936337713783,0,0,0,0,0,0,62.01122000789571,0,PSSCpure,PSSCpure0
172,0.5002918454223737,0.0584055190453782,0.0287570591502439,-0.0234391046748201,0,0,0,0,0,0.0001998430315411,0,0.0012433132280284,0,0,0,0,0,0,62.69895454967136,0,PSSCpure,PSSCpure0
173,0.4845876538699101,0.1708628244112326,0.0779392369870604,-0.080554590375879,0,0,0,0,0,0.0001743284505928,0,-0.0004863017723266,0,0,0,0,0,0,64.61821792324554,0,PSSCpure,PSSCpure0
174,0.5191007988101806,0.1878993597634726,0.0132094291706605,-0.2432552573459279,0,0,0,0,0,0.0001738241093089,0,0.0023686807193857,0,0,0,0,0,0,63.84764688506155,0,PSSCpure,PSSCpure0
175,0.4481457307343128,0.1814796152030005,-0.1216327191020578,0.0665573657893094,0,0,0,0,0,0.0001962457054031,0,-0.0012966118765335,0,0,0,0,0,0,63.5021141409256,0,PSSCpure,PSSCpure0
176,0.5013300817242934,0.2190295597652194,-0.2914766058411862,-0.0064023839991536,0,0,0,0,0,0.0001714216372491,0,0.0019149110922731,0,0,0,0,0,0,65.19033258954792,0,PSSCpure,PSSCpure0
177,0.9572387674056628,0.0021859944639492,-1.6388519973198783,0.3932931259409633,0,0,0,0,0,-6.296642020365428e-05,0,0.0061563398118931,0,0,0,0,0,0,65.71316879865552,1,PSSCpure,PSSCpure1
178,1.033288977921345,-0.0058307275574538,1.2296102067799477,0.8157543883114453,0,0,0,0,0,-3.997255777216349e-05,0,-0.0034222411760206,0,0,0,0,0,0,54.78163752322072,1,PSSCpure,PSSCpure1
179,1.039902873818975,-0.0047623157993217,1.5421465453036929,0.4807919971297592,0,0,0,0,0,-5.8193019834126485e-05,0,-0.0041549993643991,0,0,0,0,0,0,66.86796662199762,1,PSSCpure,PSSCpure1
180,1.0219111538133312,-0.0032071534181037,-1.8455870663013192,0.806011062492717,0,0,0,0,0,-6.605455831493901e-05,0,-0.0033368739702365,0,0,0,0,0,0,60.36982547377562,1,PSSCpure,PSSCpure1
181,0.9399742429940904,0.0273101446555275,-1.4157947238462674,-0.0339460504988524,0,0,0,0,0,-8.34282195497185e-05,0,0.0015440900583326,0,0,0,0,0,0,67.21702213060829,1,PSSCpure,PSSCpure1
182,1.116602411569754,-0.0018960577624862,1.9710138240289805,0.959802951209336,0,0,0,0,0,-1.995357659958159e-05,0,0.0036056588174456,0,0,0,0,0,0,51.14439624923956,1,PSSCpure,PSSCpure1
183,1.233794626203803,0.0057295710976079,1.4677356651663942,0.8851343312429987,0,0,0,0,0,-7.400788131669818e-05,0,0.000332948466853,0,0,0,0,0,0,60.00455105156744,1,PSSCpure,PSSCpure1
184,1.0385207461992016,0.0108718090123494,-1.7263451329810908,0.4480094646660055,0,0,0,0,0,-9.369180563708558e-05,0,0.0020928764252329,0,0,0,0,0,0,60.3207020052936,1,PSSCpure,PSSCpure1
185,1.07606095217908,0.0137733440739316,-1.905697895979416,0.6178436075777105,0,0,0,0,0,-5.021570867152476e-05,0,-0.0023301062104423,0,0,0,0,0,0,64.90052602954853,1,PSSCpure,PSSCpure1
186,0.9814792526311328,0.0180646717139576,-1.873050801757897,0.0271399702677972,0,0,0,0,0,-7.679101249785783e-05,0,0.001861687252211,0,0,0,0,0,0,64.20317788443538,1,PSSCpure,PSSCpure1
187,0.9213938286249772,0.0175309709804381,-1.974006197291889,-0.6222555598707153,0,0,0,0,0,-3.0747836742701984e-05,0,-0.0005968005175311,0,0,0,0,0,0,68.732300024455,1,PSSCpure,PSSCpure1
188,1.121255390853059,-0.0052519838328346,1.7372012484385977,0.8193146056739051,0,0,0,0,0,-4.673600820329949e-05,0,0.0058542485543674,0,0,0,0,0,0,51.764614567783376,1,PSSCpure,PSSCpure1
189,1.0951003507955086,0.0224062386356362,1.0310500080287994,0.9244367739768792,0,0,0,0,0,-6.785593596308635e-05,0,-0.0058755706556925,0,0,0,0,0,0,61.96089989090182,1,PSSCpure,PSSCpure1
190,0.976716656959562,0.02016715349946,1.119699940448183,0.9375828650517136,0,0,0,0,0,-5.811770488540052e-05,0,0.0068042852236479,0,0,0,0,0,0,63.5235168968396,1,PSSCpure,PSSCpure1
191,0.9044343411733072,0.0194145392951523,-1.7714647466979985,0.0988119467627091,0,0,0,0,0,-5.5705005813774005e-05,0,0.0035557316878108,0,0,0,0,0,0,64.73325142049397,1,PSSCpure,PSSCpure1
192,1.0103675174658877,0.0024083469404971,1.7141968751051415,0.9677533009440626,0,0,0,0,0,-3.3045983595188404e-05,0,-0.0060870174917579,0,0,0,0,0,0,53.93484930738754,1,PSSCpure,PSSCpure1
193,1.2417575985019995,-0.029899223183853,0.8422931575714534,0.9667049930888658,0,0,0,0,0,-7.659264115532237e-05,0,-0.0020493944807843,0,0,0,0,0,0,64.42633022695416,1,PSSCpure,PSSCpure1
194,1.0184061991023,0.0020141056696445,-1.7823091797580082,0.5733898011947915,0,0,0,0,0,-8.439580549137303e-05,0,-0.0021344361859581,0,0,0,0,0,0,59.94436561822695,1,PSSCpure,PSSCpure1
195,1.1063219487899416,0.0068339907322756,1.5551583851496535,0.9021498141269468,0,0,0,0,0,-6.056466748611882e-05,0,0.0042016107664768,0,0,0,0,0,0,54.46938932706243,1,PSSCpure,PSSCpure1
196,0.9774707246781532,0.0025023467776317,-1.8033938929163336,0.4892858648015816,0,0,0,0,0,-5.184238502311871e-05,0,0.0018852752243018,0,0,0,0,0,0,61.6300345063369,1,PSSCpure,PSSCpure1
197,1.102184934342402,-0.0139825375792219,1.588123115870275,0.876367296590038,0,0,0,0,0,-3.680129209425822e-05,0,0.0060775759538344,0,0,0,0,0,0,54.63311447833363,1,PSSCpure,PSSCpure1
198,0.6473950155849759,0.2206877359520143,-0.1731603071816949,0.5411738837336739,0,0,0,0,0,4.466344942893295e-05,0,0.0019920517339611,0,0,0,0,0,0,47.57032349620588,0,PSSCcomb,PSSCcomb0
199,0.3592423752606799,0.3779289967373933,-0.1007401567220354,0.6948655922431377,0,0,0,0,0,8.905032705208811e-05,0,0.0006259479515625,0,0,0,0,0,0,45.44300657308919,0,PSSCcomb,PSSCcomb0
200,0.5817161071540804,0.1918104692113176,-0.125068643642797,0.3341486580340933,0,0,0,0,0,7.879013141274048e-05,0,0.0043727085914589,0,0,0,0,0,0,47.76079876860264,0,PSSCcomb,PSSCcomb0
201,0.5032558801721496,0.3639177533409237,-0.0196780841543056,0.4667669826351242,0,0,0,0,0,8.123827503361216e-05,0,0.0003801576257112,0,0,0,0,0,0,46.281507801660965,0,PSSCcomb,PSSCcomb0
202,0.4386491165919945,0.3996394191716153,-0.0117558874136347,0.5862511936944546,0,0,0,0,0,5.830870469881058e-05,0,0.0006132384039673,0,0,0,0,0,0,45.327306065344985,0,PSSCcomb,PSSCcomb0
203,0.3354057041400637,0.4174569583305216,-0.0715620806377081,0.683250489703572,0,0,0,0,0,7.009063796626624e-05,0,0.0008719611322448,0,0,0,0,0,0,45.851796273316914,0,PSSCcomb,PSSCcomb0
204,0.5670468318431219,0.3053977412008803,0.0817626118115435,-0.1683388621517485,0,0,0,0,0,7.053665492819454e-05,0,0.0006270582599075,0,0,0,0,0,0,48.32890344857757,0,PSSCcomb,PSSCcomb0
205,-0.0223811250939915,0.8199668770066451,-0.0782341846780743,0.7753669484800709,0,0,0,0,0,8.452100373828532e-05,0,0.0006035545010901,0,0,0,0,0,0,45.27616060413849,0,PSSCcomb,PSSCcomb0
206,0.505277529263986,0.2437250974044875,0.1807398414880663,0.1281347541115933,0,0,0,0,0,9.641656614045218e-05,0,0.001529534759319,0,0,0,0,0,0,47.28179746387503,0,PSSCcomb,PSSCcomb0
207,0.4612340122883402,0.3466974025165044,0.116513465291006,0.3018313942741488,0,0,0,0,0,5.516459464895189e-05,0,-0.0004085530239176,0,0,0,0,0,0,47.452592532301935,0,PSSCcomb,PSSCcomb0
208,0.3743477748129993,0.4331398164399194,0.0117825346321103,0.5364929647168086,0,0,0,0,0,8.151542675621779e-05,0,0.000867021916885,0,0,0,0,0,0,44.94333228288412,0,PSSCcomb,PSSCcomb0
209,0.5793313059198315,0.2410915232125008,-0.1602764909858307,0.6124413906705275,0,0,0,0,0,6.213787022001274e-05,0,-0.0009361027726911,0,0,0,0,0,0,47.398954152749134,0,PSSCcomb,PSSCcomb0
210,0.2124238931205697,0.5529163854866646,-0.2675901740078896,1.0299522304819957,0,0,0,0,0,7.931934809079282e-05,0,-0.0003293373587502,0,0,0,0,0,0,46.73234749478631,0,PSSCcomb,PSSCcomb0
211,0.5861346699900998,0.2430099217444015,-0.1832255603062655,0.6612033128990125,0,0,0,0,0,5.2574120091170734e-05,0,0.0013452935656478,0,0,0,0,0,0,46.673336914541686,0,PSSCcomb,PSSCcomb0
212,0.1031350276191629,0.6118759056811367,-0.2329720814696056,0.9739512815162792,0,0,0,0,0,0.0001414387001674,0,0.0008250289770759,0,0,0,0,0,0,46.64585095420272,0,PSSCcomb,PSSCcomb0
213,0.3713692255977965,0.3984127313932042,-0.1392314581676601,0.7467501534541476,0,0,0,0,0,7.984331541280896e-05,0,0.0005629154182866,0,0,0,0,0,0,45.02439667260882,0,PSSCcomb,PSSCcomb0
214,0.0927298528080498,0.7611923429151974,-0.0158390910745171,0.6390274402312812,0,0,0,0,0,8.315670779354827e-05,0,-0.0003416352542811,0,0,0,0,0,0,46.34814578141671,0,PSSCcomb,PSSCcomb0
215,0.6048370082716943,0.1284371774800736,-0.170569802653739,0.4130517461507161,0,0,0,0,0,8.228681209932751e-05,0,0.0036020780301036,0,0,0,0,0,0,48.06135071745353,0,PSSCcomb,PSSCcomb0
216,0.4793832081615368,0.3132925435546689,-0.1911512605549852,0.7865101280051308,0,0,0,0,0,3.668172912486649e-05,0,-0.0004276910661327,0,0,0,0,0,0,47.344176385367454,0,PSSCcomb,PSSCcomb0
217,0.3970245475011578,0.4759683051061798,0.0457154560413335,0.3387572666149645,0,0,0,0,0,6.002761531494368e-05,0,0.0011023081856685,0,0,0,0,0,0,47.04082968198009,0,PSSCcomb,PSSCcomb0
218,0.6585560900844443,0.2749865079797957,-0.0582026882311783,0.0578002506479529,0,0,0,0,0,4.74508070955638e-05,0,0.0025910511214376,0,0,0,0,0,0,47.705054577432776,0,PSSCcomb,PSSCcomb0
219,0.0191876311698804,0.6942226465702857,-0.0990659538618135,0.7936215233457609,0,0,0,0,0,0.0001472690016587,0,0.0005361076615103,0,0,0,0,0,0,44.77340319278335,0,PSSCcomb,PSSCcomb0
220,0.383585753803036,0.305601886777306,0.033003442709123,0.5904344255251606,0,0,0,0,0,9.736351852900292e-05,0,0.0019273059635215,0,0,0,0,0,0,47.58790557115032,0,PSSCcomb,PSSCcomb0
221,0.465540296557402,0.3775919612868939,-0.0305687971163342,0.6283970694944907,0,0,0,0,0,6.807856348353752e-05,0,0.0009120729232656,0,0,0,0,0,0,46.74563825464468,0,PSSCcomb,PSSCcomb0
222,0.4183135480919766,0.4108324460748402,-0.1886594969847581,0.7702212223569762,0,0,0,0,0,6.555457164524801e-05,0,0.0007386853315277,0,0,0,0,0,0,46.36738468228693,0,PSSCcomb,PSSCcomb0
223,0.5434721513190315,0.2490948490918958,0.2388101077770419,-0.1139668190576097,0,0,0,0,0,9.82527115848114e-05,0,0.0016976414394886,0,0,0,0,0,0,47.97608339684155,0,PSSCcomb,PSSCcomb0
224,0.4045455402785136,0.4433531817390488,-0.1636343451392161,0.7716221779555399,0,0,0,0,0,7.205246294195865e-05,0,0.0001785490762188,0,0,0,0,0,0,45.83532039292839,0,PSSCcomb,PSSCcomb0
225,0.3584029255759886,0.4161181320552209,-0.2225550615735239,0.8987176276945652,0,0,0,0,0,7.400473599800632e-05,0,0.000108566065421,0,0,0,0,0,0,44.89640782825083,0,PSSCcomb,PSSCcomb0
226,0.2215830933926157,0.4724454841112524,-0.0943690102127499,0.699768897506845,0,0,0,0,0,0.0001314569798354,0,0.0009479051256896,0,0,0,0,0,0,46.13235512515268,0,PSSCcomb,PSSCcomb0
227,0.4927227776961334,0.3491630657543347,0.108045793995446,0.3291891939109805,0,0,0,0,0,6.21485586586465e-05,0,0.0015961898151094,0,0,0,0,0,0,46.25562124754706,0,PSSCcomb,PSSCcomb0
228,0.2588676865705719,0.3952595488788724,-0.0439942073068437,0.7261646603854759,0,0,0,0,0,0.0001533607841454,0,0.0010042957081904,0,0,0,0,0,0,46.30177935380196,0,PSSCcomb,PSSCcomb0
229,0.3303901714813748,0.5121133957848811,0.157310316152738,0.3603406473438042,0,0,0,0,0,9.001907497773987e-05,0,-0.0002411319131862,0,0,0,0,0,0,47.05937993985475,0,PSSCcomb,PSSCcomb0
230,0.4068573459062157,0.3323704721781295,-0.1660937514069329,0.7969124838897979,0,0,0,0,0,9.932593355426428e-05,0,0.0003977408208945,0,0,0,0,0,0,45.070282800732336,0,PSSCcomb,PSSCcomb0
231,0.4735866074929813,0.3906176781813313,0.0510722239080307,0.2730607324771799,0,0,0,0,0,7.900135603619041e-05,0,0.0010983975007898,0,0,0,0,0,0,46.034171548691454,0,PSSCcomb,PSSCcomb0
232,0.6169594366416891,0.1634971366050397,0.0045769528238785,-0.1012216651724642,0,0,0,0,0,7.633562871206446e-05,0,0.0042797862100312,0,0,0,0,0,0,48.184369320740856,0,PSSCcomb,PSSCcomb0
233,0.4831894550952125,0.3516172140678471,-0.0364850653592609,0.5754345389989965,0,0,0,0,0,7.573659053542069e-05,0,-2.5586017428875785e-05,0,0,0,0,0,0,46.140247462764414,0,PSSCcomb,PSSCcomb0
234,0.3563433706174095,0.3739676227726138,-0.1519474695257656,0.7518393477516887,0,0,0,0,0,0.0001162666935088,0,-0.0003000186401269,0,0,0,0,0,0,45.97423538831237,0,PSSCcomb,PSSCcomb0
235,0.2203347305785681,0.4611473606637832,0.0769404161317086,0.5905861079478396,0,0,0,0,0,0.0001444411106948,0,0.0008947572412501,0,0,0,0,0,0,46.772975824702975,0,PSSCcomb,PSSCcomb0
236,0.557846330052091,0.3031522343163204,-0.1685772283079729,0.6249957662800036,0,0,0,0,0,4.264565303356616e-05,0,0.0011705657827387,0,0,0,0,0,0,46.68169718310949,0,PSSCcomb,PSSCcomb0
237,0.4280054971961968,0.3568611847867404,0.0514872054489177,0.5128881674581982,0,0,0,0,0,5.554463407606631e-05,0,0.0006644475843304,0,0,0,0,0,0,46.34617535331887,0,PSSCcomb,PSSCcomb0
238,0.1818631378104149,0.585574337749613,-0.1699226920554892,0.8719833023371901,0,0,0,0,0,9.828907219639778e-05,0,4.536224971809056e-05,0,0,0,0,0,0,43.96870843675946,0,PSSCcomb,PSSCcomb0
239,0.4071769436521713,0.4693048868351481,-0.0609805574185557,0.6952901387179748,0,0,0,0,0,3.437848877126202e-05,0,0.0008532494342801,0,0,0,0,0,0,46.136868834091885,0,PSSCcomb,PSSCcomb0
240,0.322937652470836,0.2770616896854112,-0.1806637826589079,0.8028809008159401,0,0,0,0,0,0.0001460005322206,0,0.0005651403481802,0,0,0,0,0,0,47.58716692747399,0,PSSCcomb,PSSCcomb0
241,0.1352864145317527,0.6531447485746447,-0.0993226871173749,0.7714303697806355,0,0,0,0,0,9.537682315814556e-05,0,-0.000691704939041,0,0,0,0,0,0,45.91078851665136,0,PSSCcomb,PSSCcomb0
242,0.3927787428198979,0.3161824136677604,-0.0617263998329338,0.6734046713174973,0,0,0,0,0,0.0001280602865016,0,0.0008426492370107,0,0,0,0,0,0,45.92402972706934,0,PSSCcomb,PSSCcomb0
243,0.3423199669769414,0.4059789982152906,0.0005321747972844,0.5773135135093117,0,0,0,0,0,0.0001136586042882,0,0.001433517636286,0,0,0,0,0,0,45.75154446398233,0,PSSCcomb,PSSCcomb0
244,0.4844415352672389,0.3879988124357965,-0.0660729018033485,0.5959838462750291,0,0,0,0,0,3.485496772501535e-05,0,0.0014622617528054,0,0,0,0,0,0,46.24165831470266,0,PSSCcomb,PSSCcomb0
245,0.1206061569984777,0.6798782271530679,-0.2146734030012151,0.9034478374460247,0,0,0,0,0,0.0001190467100665,0,-0.0003459587207919,0,0,0,0,0,0,46.78739466581398,0,PSSCcomb,PSSCcomb0
246,0.5282222569093769,0.3239393483508541,-0.0502604596552918,0.5136203196926554,0,0,0,0,0,5.472012119368399e-05,0,0.0007774285196473,0,0,0,0,0,0,45.52089592528551,0,PSSCcomb,PSSCcomb0
247,0.4741830495883823,0.405780287135419,0.1038567054589916,0.0933640082999192,0,0,0,0,0,9.301219452133935e-05,0,0.0020345615834505,0,0,0,0,0,0,47.72011834821101,0,PSSCcomb,PSSCcomb0
248,0.5685727808986667,0.2799882727408649,0.1258824526890083,-0.0353564557248005,0,0,0,0,0,6.635907804196992e-05,0,0.0006908432466992,0,0,0,0,0,0,47.18579316605018,0,PSSCcomb,PSSCcomb0
249,0.5758880173744321,0.2521331420724721,-0.063748674795012,-0.0220359603094444,0,0,0,0,0,0.0001034162213193,0,0.001056644095815,0,0,0,0,0,0,48.15663540989635,0,PSSCcomb,PSSCcomb0
250,0.1136230978165349,0.8665235500589481,-0.0844198376797904,0.7122500750810001,0,0,0,0,0,2.6037691694524457e-05,0,-0.0001539765237932,0,0,0,0,0,0,47.64961754612007,0,PSSCcomb,PSSCcomb0
251,0.4374783906193631,0.4392212152224015,0.15424543707072,0.3373469008257235,0,0,0,0,0,2.6540807962204e-05,0,0.0001822410224152,0,0,0,0,0,0,47.1767687573078,0,PSSCcomb,PSSCcomb0
252,0.4426868700239907,0.3942440324020682,-0.0787300461717153,0.6118428318323641,0,0,0,0,0,5.888993714005797e-05,0,0.0010214762098176,0,0,0,0,0,0,45.35694037790741,0,PSSCcomb,PSSCcomb0
253,0.5247422041231,0.3967021537131199,0.0009394908893978,0.2344664654097981,0,0,0,0,0,3.918901117175584e-05,0,0.0004390382579599,0,0,0,0,0,0,47.12367489281284,0,PSSCcomb,PSSCcomb0
254,-0.0584730161696462,0.8624398689487989,-0.1952151454934325,0.9440391340580648,0,0,0,0,0,0.000101204686229,0,-0.0001091878218789,0,0,0,0,0,0,45.50319688621542,0,PSSCcomb,PSSCcomb0
255,0.5823420141243996,0.2742851862122735,-0.0290407379750521,0.2006181111453266,0,0,0,0,0,7.688723644377391e-05,0,0.0012344196202465,0,0,0,0,0,0,46.139142281104725,0,PSSCcomb,PSSCcomb0
256,0.5083370583124784,0.3041692549069883,-0.0343692564076352,0.4362547354809383,0,0,0,0,0,6.679477347761491e-05,0,-0.0001096963034821,0,0,0,0,0,0,46.26406228718135,0,PSSCcomb,PSSCcomb0
257,0.4605724010453809,0.3288740546515565,-0.0604210383784142,0.5479270687918629,0,0,0,0,0,8.962072549036422e-05,0,0.0010545608181062,0,0,0,0,0,0,45.47020162909972,0,PSSCcomb,PSSCcomb0
258,0.613358870342438,0.2104320289942238,-0.0536245713266663,0.3193358562047597,0,0,0,0,0,3.853955774004048e-05,0,5.3669993124541016e-05,0,0,0,0,0,0,47.63906613927534,0,PSSCcomb,PSSCcomb0
259,0.5339004222429331,0.2109698503699801,0.2448462536052873,0.0267691439180799,0,0,0,0,0,8.951975399939873e-05,0,0.002528285125174,0,0,0,0,0,0,48.032739699836185,0,PSSCcomb,PSSCcomb0
260,0.2475828984076451,0.571188033230627,-0.2433472295782581,0.953382084480508,0,0,0,0,0,7.54870078835805e-05,0,-7.799435138394539e-05,0,0,0,0,0,0,45.07225026432645,0,PSSCcomb,PSSCcomb0
261,0.1908824294413675,0.6908700944413404,0.238130969520522,0.2864228791335255,0,0,0,0,0,4.522180944178805e-05,0,0.0015577303763091,0,0,0,0,0,0,48.170864241181405,0,PSSCcomb,PSSCcomb0
262,0.395914650800961,0.5177423228455362,0.0261480496994646,0.4328405039783667,0,0,0,0,0,5.279351002088429e-05,0,0.0016009777659749,0,0,0,0,0,0,46.70025259947033,0,PSSCcomb,PSSCcomb0
263,0.5541238507780357,0.2588003189763945,-0.0506047949646408,0.5200234955403258,0,0,0,0,0,6.075777631099953e-05,0,0.0022038207440734,0,0,0,0,0,0,46.75117720476427,0,PSSCcomb,PSSCcomb0
264,0.3201200463402718,0.5416736944195661,-0.1492266478253545,0.8003688790618466,0,0,0,0,0,2.7071818526500203e-05,0,0.0003408002912012,0,0,0,0,0,0,45.60780060947769,0,PSSCcomb,PSSCcomb0
265,0.4935031377556025,0.3451318630666509,0.2794909038620718,-0.0538414466913537,0,0,0,0,0,8.432884110048349e-05,0,0.0010785431521992,0,0,0,0,0,0,47.61375499599188,0,PSSCcomb,PSSCcomb0
266,-0.0891367299547569,0.7040712885090397,-0.0803887369023004,0.8071927925359623,0,0,0,0,0,0.0001926159904723,0,0.0002299653772717,0,0,0,0,0,0,45.60313980632696,0,PSSCcomb,PSSCcomb0
267,0.3363722740748707,0.4794062695666476,0.2764450485941001,0.2909541600022929,0,0,0,0,0,4.33930678363462e-05,0,0.0001295945937895,0,0,0,0,0,0,48.3429903599937,0,PSSCcomb,PSSCcomb0
268,0.3391462130560536,0.4948286043661283,-0.1106268971557227,0.7600881442404583,0,0,0,0,0,3.3884250858433564e-05,0,0.0010251162518992,0,0,0,0,0,0,46.16872837726155,0,PSSCcomb,PSSCcomb0
269,0.616850788835396,0.1996373168709624,-0.159861142110613,0.4926853987382555,0,0,0,0,0,7.408778945406112e-05,0,0.0012148152454274,0,0,0,0,0,0,46.49237586070877,0,PSSCcomb,PSSCcomb0
270,0.3811506926312735,0.4091726885106812,-0.009724449122253,0.6390737666995752,0,0,0,0,0,5.968901100958539e-05,0,0.0010085407736605,0,0,0,0,0,0,45.80884707146652,0,PSSCcomb,PSSCcomb0
271,0.4914041245065239,0.3758686992488895,-0.006302057951224,0.5032220905874478,0,0,0,0,0,3.24508578131419e-05,0,0.0008253402552768,0,0,0,0,0,0,45.89519908047028,0,PSSCcomb,PSSCcomb0
272,0.2806163051413266,0.4344644439346878,-0.0221819212756004,0.715195638735306,0,0,0,0,0,0.0001275405501499,0,0.0009569768917892,0,0,0,0,0,0,46.90505107155299,0,PSSCcomb,PSSCcomb0
273,0.7395884879042454,0.2046067869595162,-0.4470968695301571,-0.1631737992924329,0,0,0,0,0,1.832296115898955e-05,0,0.0049309149647755,0,0,0,0,0,0,49.58888839007483,0,PSSCcomb,PSSCcomb0
274,0.4222132973937729,0.2486129224401745,-0.0655814572590767,0.713702228028851,0,0,0,0,0,0.0001218365996539,0,0.0006419236560279,0,0,0,0,0,0,46.75559690198571,0,PSSCcomb,PSSCcomb0
275,0.4730089821034711,0.3253588931919466,0.0550961634851696,0.3249958903220631,0,0,0,0,0,8.086359620077293e-05,0,0.0009025431739457,0,0,0,0,0,0,46.00176103772402,0,PSSCcomb,PSSCcomb0
276,0.16473223358371,0.659056135260708,0.1058549908258346,0.5392548251381228,0,0,0,0,0,6.49367288876014e-05,0,0.0007462137102612,0,0,0,0,0,0,46.07556654979577,0,PSSCcomb,PSSCcomb0
277,0.3752011152270902,0.447728270807656,0.0043304869951161,0.5582907958042886,0,0,0,0,0,6.390166295438626e-05,0,0.00050714891451,0,0,0,0,0,0,44.95473177314429,0,PSSCcomb,PSSCcomb0
278,-0.0020752239228263,0.7348011011674345,-0.3354171868122189,1.0638891950122802,0,0,0,0,0,9.557518142408092e-05,0,-5.074225869711402e-05,0,0,0,0,0,0,45.95872739315566,0,PSSCcomb,PSSCcomb0
279,0.4030988250082266,0.3930627088589871,-0.0527190659222529,0.5862199052723156,0,0,0,0,0,0.0001225174539669,0,0.000996487289592,0,0,0,0,0,0,46.72879977814417,0,PSSCcomb,PSSCcomb0
280,0.1798150137135215,0.4409393321773609,-0.1278068004435548,0.8525103871914084,0,0,0,0,0,0.0001556985529481,0,-0.0003864610886411,0,0,0,0,0,0,46.05027781724844,0,PSSCcomb,PSSCcomb0
281,0.3761624784293387,0.3383869391393723,-0.1325099379548044,0.7820473566898958,0,0,0,0,0,8.485603364057721e-05,0,-0.0004306110944048,0,0,0,0,0,0,46.15006078606215,0,PSSCcomb,PSSCcomb0
282,0.4203172155573651,0.4465996716912328,-0.0064060879245513,0.5656256024203565,0,0,0,0,0,7.804342830555973e-05,0,0.0012308409526082,0,0,0,0,0,0,46.706401767952926,0,PSSCcomb,PSSCcomb0
283,0.4632293987230009,0.3319538757849409,-0.0766879545297105,0.5987804285196665,0,0,0,0,0,7.987715454467242e-05,0,-9.325443268044964e-05,0,0,0,0,0,0,45.59150098549903,0,PSSCcomb,PSSCcomb0
284,0.5508875779493017,0.389371483524179,-0.0688690727544378,0.3047362188385194,0,0,0,0,0,3.381523410646796e-05,0,0.0008048518898354,0,0,0,0,0,0,47.37538993273446,0,PSSCcomb,PSSCcomb0
285,0.4842283243566458,0.2667794480170919,-0.0126397689352684,0.3749116453811538,0,0,0,0,0,0.0001343818963895,0,0.0017047387552006,0,0,0,0,0,0,47.51838799172144,0,PSSCcomb,PSSCcomb0
286,0.5807181206190286,0.1863002697600944,-0.0777307468992691,0.1758739168952345,0,0,0,0,0,8.928935542251143e-05,0,0.0024669818572124,0,0,0,0,0,0,47.338019264961545,0,PSSCcomb,PSSCcomb0
287,0.3705637608260614,0.501665692085492,0.0111661756283663,0.5160601963479161,0,0,0,0,0,5.618842623739497e-05,0,0.0002563968553206,0,0,0,0,0,0,45.2146142634784,0,PSSCcomb,PSSCcomb0
288,0.6685253980956851,0.1198965172226249,-0.2959364827033666,0.3341578634745108,0,0,0,0,0,7.620132559095713e-05,0,0.002867493815544,0,0,0,0,0,0,48.41448725140549,0,PSSCcomb,PSSCcomb0
289,0.3109419163073528,0.5562429091075702,-0.1324649876967261,0.8004004087459826,0,0,0,0,0,5.308342625314473e-05,0,-0.0003923374666823,0,0,0,0,0,0,45.62081343048596,0,PSSCcomb,PSSCcomb0
290,0.6558508366701368,0.2273842327257207,-0.1223158207227255,0.1610729147428982,0,0,0,0,0,3.728923714009915e-05,0,0.0017015904542761,0,0,0,0,0,0,46.843092675685774,0,PSSCcomb,PSSCcomb0
291,0.5558172083828925,0.3580472954946563,-0.0258576031506647,0.3744797224968987,0,0,0,0,0,4.4783686913419545e-05,0,0.001528339360101,0,0,0,0,0,0,46.19785002451812,0,PSSCcomb,PSSCcomb0
292,0.1250016201056967,0.6127218479120455,0.0497267668323271,0.5800159920402548,0,0,0,0,0,0.0001365820228165,0,-0.000557282416955,0,0,0,0,0,0,47.06425113189725,0,PSSCcomb,PSSCcomb0
293,0.4140801910238836,0.3210848149673508,-0.0618201416535089,0.6462471025500727,0,0,0,0,0,0.0001143150931541,0,-0.0001612927544026,0,0,0,0,0,0,46.0469418402512,0,PSSCcomb,PSSCcomb0
294,0.2678176616248136,0.4939312733034517,0.0302315213385044,0.5948910495573676,0,0,0,0,0,0.0001036315148483,0,0.0003061397455231,0,0,0,0,0,0,44.9322784301248,0,PSSCcomb,PSSCcomb0
295,0.0746194198208223,0.6777644757839822,-0.0106679267117375,0.6596612543381064,0,0,0,0,0,9.751469505978664e-05,0,0.0008741858906002,0,0,0,0,0,0,45.57330029759618,0,PSSCcomb,PSSCcomb0
296,0.5491971204473596,0.2929894554263361,-0.0315158766127308,0.1160615643495392,0,0,0,0,0,9.591259816362082e-05,0,-0.0003038334903751,0,0,0,0,0,0,47.87941288935208,0,PSSCcomb,PSSCcomb0
297,0.4977750630177948,0.2452401302599072,-0.0401660134699506,0.4887626461321228,0,0,0,0,0,0.0001003510231705,0,0.0005082433838875,0,0,0,0,0,0,46.30901140149769,0,PSSCcomb,PSSCcomb0
298,0.3768449831222913,0.4767860837273669,0.1490245087452888,0.2301150289495526,0,0,0,0,0,9.491271985063028e-05,0,0.000643875336198,0,0,0,0,0,0,46.70414100609318,0,PSSCcomb,PSSCcomb0
299,0.1375301622002398,0.5280104176543792,-0.1442489123050085,0.855128198373877,0,0,0,0,0,0.0001598412536354,0,0.0004215636065425,0,0,0,0,0,0,44.72772957565479,0,PSSCcomb,PSSCcomb0
300,0.5760181846693979,0.2570273234660858,0.0806224899880216,0.2875789819021364,0,0,0,0,0,4.450633091204295e-05,0,-0.0003171426898202,0,0,0,0,0,0,47.89008410704205,0,PSSCcomb,PSSCcomb0
301,0.2151797451239172,0.6261230830868794,-0.0936007064866135,0.6854130923353283,0,0,0,0,0,8.513272147442481e-05,0,6.535386875648808e-05,0,0,0,0,0,0,46.146548349296914,0,PSSCcomb,PSSCcomb0
302,0.2143524193518491,0.5860789636176889,0.1150674024462889,0.4514419359525377,0,0,0,0,0,8.069568850121317e-05,0,0.000373338221855,0,0,0,0,0,0,45.82253698806048,0,PSSCcomb,PSSCcomb0
303,0.2139612898668765,0.5800879761823139,0.0202383157366674,0.6059931790009561,0,0,0,0,0,0.00011178156564,0,0.0009193959157156,0,0,0,0,0,0,45.4385426958992,0,PSSCcomb,PSSCcomb0
304,0.5197633742184382,0.2843718245163544,-0.1543337446780346,0.6971182487961518,0,0,0,0,0,6.916847580378991e-05,0,-9.00685768963183e-05,0,0,0,0,0,0,46.00746110774556,0,PSSCcomb,PSSCcomb0
305,0.3813625425315434,0.4098202123227299,-0.1308853610479192,0.753967709370436,0,0,0,0,0,7.663725684403109e-05,0,-9.997864737780082e-05,0,0,0,0,0,0,44.884186581851424,0,PSSCcomb,PSSCcomb0
306,0.4561887320041462,0.364746724340578,-0.1186321450149239,0.7282112214948602,0,0,0,0,0,7.046789947093477e-05,0,0.0003617813808319,0,0,0,0,0,0,45.367838668288485,0,PSSCcomb,PSSCcomb0
307,0.3606241900722309,0.4165621267418609,-0.0256430424357771,0.6184238591591038,0,0,0,0,0,0.000114804958704,0,0.0009375788580817,0,0,0,0,0,0,45.699321765849376,0,PSSCcomb,PSSCcomb0
308,0.5166055355752182,0.216907786875383,0.0292761135090273,0.3076527112935836,0,0,0,0,0,0.0001099431110935,0,0.0021455478455504,0,0,0,0,0,0,47.056402284306905,0,PSSCcomb,PSSCcomb0
309,0.1151350369366612,0.5930743516740455,0.0003551339530911,0.6877522357783108,0,0,0,0,0,0.0001401244300083,0,0.0004878742571581,0,0,0,0,0,0,45.16650519853141,0,PSSCcomb,PSSCcomb0
310,0.2764826721151081,0.527885542287367,-0.0998903460008624,0.7445610983383708,0,0,0,0,0,5.623625867902722e-05,0,-5.448217338474004e-05,0,0,0,0,0,0,45.13537684832474,0,PSSCcomb,PSSCcomb0
311,0.3904307273999992,0.5387163445291256,-0.0660826387964432,0.7101541538357132,0,0,0,0,0,1.51758182431748e-05,0,0.000842826190902,0,0,0,0,0,0,47.221631035927246,0,PSSCcomb,PSSCcomb0
312,0.6060415733843278,0.2327148427957013,-0.0309073134984556,-0.0077298425983269,0,0,0,0,0,8.674391231937619e-05,0,0.0024057717977046,0,0,0,0,0,0,47.119491883587216,0,PSSCcomb,PSSCcomb0
313,0.4748478702315251,0.368603365355856,0.0496742692132725,0.3145327023833046,0,0,0,0,0,9.33195657170402e-05,0,0.0010523311982114,0,0,0,0,0,0,46.00742435293675,0,PSSCcomb,PSSCcomb0
314,0.2734434655335946,0.4678011920278688,-0.1896599135794283,0.869212308252056,0,0,0,0,0,0.0001089460338466,0,-0.0004559819477205,0,0,0,0,0,0,45.1518060061626,0,PSSCcomb,PSSCcomb0
315,0.3093778361084469,0.4971219379395988,0.2276930505830363,0.2616730622334544,0,0,0,0,0,7.261635474195316e-05,0,0.0011703257466149,0,0,0,0,0,0,46.61937183161994,0,PSSCcomb,PSSCcomb0
316,0.1878177192976315,0.4777505347886972,-0.1802706198259061,0.8726780079292893,0,0,0,0,0,0.0001759535654352,0,0.0006920702683257,0,0,0,0,0,0,46.64503939805877,0,PSSCcomb,PSSCcomb0
317,0.5364277909289599,0.3281574618528138,0.1126078503255207,0.0066133223144198,0,0,0,0,0,6.147185245492537e-05,0,0.0010661348025349,0,0,0,0,0,0,47.11397191588825,0,PSSCcomb,PSSCcomb0
318,0.5013585275154746,0.3454430513807067,0.0262422669930901,0.3697018835304169,0,0,0,0,0,6.610639000343284e-05,0,-0.0001940647294853,0,0,0,0,0,0,46.09437868609815,0,PSSCcomb,PSSCcomb0
319,0.1978282839933531,0.6161812952209793,0.1453372428542367,0.4041046931780774,0,0,0,0,0,9.925954162130798e-05,0,0.0012325021197893,0,0,0,0,0,0,46.39143206166925,0,PSSCcomb,PSSCcomb0
320,0.2461169305956048,0.5213080582474086,-0.1820874668229073,0.8176528497003859,0,0,0,0,0,0.0001155270633428,0,0.0002037919817911,0,0,0,0,0,0,45.7567456403363,0,PSSCcomb,PSSCcomb0
321,0.5599612783803756,0.3089932970717379,0.0378157827627037,0.2327131238631103,0,0,0,0,0,6.239949612629694e-05,0,0.0010047447128148,0,0,0,0,0,0,45.95425452017876,0,PSSCcomb,PSSCcomb0
322,0.618091778026304,0.2567328612045312,-0.1398781504829074,0.300204866396315,0,0,0,0,0,4.083830246502083e-05,0,0.000108732207573,0,0,0,0,0,0,46.94779500741052,0,PSSCcomb,PSSCcomb0
323,0.245284940054653,0.509179453904339,-0.0872355672325426,0.7879866945946681,0,0,0,0,0,0.0001100031646662,0,0.0007278722002341,0,0,0,0,0,0,45.31142140226954,0,PSSCcomb,PSSCcomb0
324,0.1327062639525418,0.7262693873567079,-0.1418237862787239,0.7772553564134865,0,0,0,0,0,4.869741797360879e-05,0,0.0009881815232074,0,0,0,0,0,0,47.41014802111091,0,PSSCcomb,PSSCcomb0
325,0.0566113753380448,0.6682443814685994,0.0801970309751323,0.5287754942413319,0,0,0,0,0,0.0001580252048859,0,0.0012578968321507,0,0,0,0,0,0,47.70183905851633,0,PSSCcomb,PSSCcomb0
326,0.368959429835535,0.4762929942190586,0.136266722264835,0.3450265240950365,0,0,0,0,0,7.039837669783387e-05,0,-8.431695410890727e-05,0,0,0,0,0,0,46.14442985099785,0,PSSCcomb,PSSCcomb0
327,0.3839979044103208,0.341063873491195,0.0039024578840018,0.6151756471038317,0,0,0,0,0,9.431399336184238e-05,0,0.0016571319504876,0,0,0,0,0,0,46.52404104845679,0,PSSCcomb,PSSCcomb0
328,0.2135544655141039,0.4225231642449465,-0.2316929796169187,0.9403025431495782,0,0,0,0,0,0.0001232756239856,0,0.0005420448559796,0,0,0,0,0,0,45.633338832982645,0,PSSCcomb,PSSCcomb0
329,-0.0433065224920943,0.6660192494212449,-0.0217338198398548,0.7019091588510089,0,0,0,0,0,0.0001533725725183,0,0.0012708155963626,0,0,0,0,0,0,47.08218606442232,0,PSSCcomb,PSSCcomb0
330,0.1577736370815068,0.606168043687894,0.1863214280821146,0.3995945219999042,0,0,0,0,0,0.0001045537459529,0,0.0001049910925816,0,0,0,0,0,0,46.47043718499058,0,PSSCcomb,PSSCcomb0
331,0.4029557126780654,0.3899728383909235,0.1695046854729112,0.2649791523605773,0,0,0,0,0,8.603262108733136e-05,0,-0.0002851386715935,0,0,0,0,0,0,46.96910060950587,0,PSSCcomb,PSSCcomb0
332,0.0604720333222172,0.6662974852161394,-0.1052806134027652,0.7987531072950795,0,0,0,0,0,0.000126510657795,0,0.0007789653252176,0,0,0,0,0,0,44.68129071087023,0,PSSCcomb,PSSCcomb0
333,0.4720009509835492,0.4534357353921465,0.0372806510426504,0.3975522752426745,0,0,0,0,0,6.736787024456544e-05,0,4.045349632257444e-05,0,0,0,0,0,0,47.12469669846813,0,PSSCcomb,PSSCcomb0
334,0.6277479240300377,0.2055046884529989,-0.1057771325267618,0.0693247638137801,0,0,0,0,0,7.803032916229156e-05,0,0.0014137117706169,0,0,0,0,0,0,46.954820157026994,0,PSSCcomb,PSSCcomb0
335,0.3959576094297419,0.4023260076943331,-0.0256740797380006,0.5192036937408329,0,0,0,0,0,0.00010226280397,0,0.0009406654070777,0,0,0,0,0,0,45.63600465745737,0,PSSCcomb,PSSCcomb0
336,0.4622292722914305,0.289972094961461,-0.0834638056210637,0.6328603835254851,0,0,0,0,0,9.916580581578658e-05,0,0.000694796914536,0,0,0,0,0,0,45.5137120384586,0,PSSCcomb,PSSCcomb0
337,0.1054452171350841,0.6125225615202634,-0.0555164012326647,0.6816743616327976,0,0,0,0,0,0.0001169066948593,0,0.0002338077650659,0,0,0,0,0,0,45.92676178785932,0,PSSCcomb,PSSCcomb0
338,0.5786493472510972,0.191267908850381,-0.1355564744438531,0.3437681560877399,0,0,0,0,0,8.864052571747845e-05,0,0.0030903502183421,0,0,0,0,0,0,47.10972989906909,0,PSSCcomb,PSSCcomb0
339,0.3804333496777428,0.382860527028833,0.1579067639384628,0.3034711418887119,0,0,0,0,0,8.572070292003118e-05,0,0.001772433395968,0,0,0,0,0,0,46.79237396631952,0,PSSCcomb,PSSCcomb0
340,0.6578963676234033,0.2664968136637178,-0.0707149889681386,0.0037856182745161,0,0,0,0,0,2.3553873529995028e-05,0,0.0002827051619866,0,0,0,0,0,0,48.02639300436161,0,PSSCcomb,PSSCcomb0
341,0.2532127157770567,0.4538686139515637,0.1584196300570179,0.4573503344087233,0,0,0,0,0,0.0001343949332462,0,0.0010249592960506,0,0,0,0,0,0,46.94555286807368,0,PSSCcomb,PSSCcomb0
342,0.6022206808508548,0.2688238856371332,-0.0120629527185118,0.1798817710496161,0,0,0,0,0,7.638345469606307e-05,0,0.0014323124690071,0,0,0,0,0,0,46.62010695973036,0,PSSCcomb,PSSCcomb0
343,0.3670806442125127,0.3709166403941828,0.1582353860115941,0.3259977510006373,0,0,0,0,0,0.0001316652174264,0,0.0008457047932967,0,0,0,0,0,0,46.87578935697447,0,PSSCcomb,PSSCcomb0
344,0.2823428520544939,0.4567679281986962,-0.0323009716697817,0.5869824026219597,0,0,0,0,0,0.0001007087079986,0,0.0006523059661739,0,0,0,0,0,0,46.2958227822398,0,PSSCcomb,PSSCcomb0
345,0.2913815298620266,0.52298216177291,-0.0012785792080596,0.6589501866424872,0,0,0,0,0,7.795173101015012e-05,0,-0.0006300199563532,0,0,0,0,0,0,47.08064284931259,0,PSSCcomb,PSSCcomb0
346,0.5344758435135284,0.3476481526532597,-0.0221367656990274,0.3175011699802659,0,0,0,0,0,4.948925331077456e-05,0,0.0008621203048709,0,0,0,0,0,0,46.104592354574905,0,PSSCcomb,PSSCcomb0
347,0.0890379714210829,0.6821345420139187,-0.1690485669661914,0.8506608922825585,0,0,0,0,0,0.000105022952585,0,0.0006346965563852,0,0,0,0,0,0,44.87088725494496,0,PSSCcomb,PSSCcomb0
348,0.4454097655462994,0.2844389881252693,0.0032388175644517,0.6266200381090443,0,0,0,0,0,9.563031360353185e-05,0,0.0001565711631336,0,0,0,0,0,0,47.11267378928699,0,PSSCcomb,PSSCcomb0
349,0.5510170667342225,0.2962627889007283,0.0289280220127885,0.1021521051891407,0,0,0,0,0,8.927530989372943e-05,0,0.0009178039985323,0,0,0,0,0,0,46.70896201264776,0,PSSCcomb,PSSCcomb0
350,0.6222302632849708,0.2466328795929393,-0.1190424549761317,0.1563149125552079,0,0,0,0,0,8.455660640498204e-05,0,0.0031634397099423,0,0,0,0,0,0,47.33555053519201,0,PSSCcomb,PSSCcomb0
351,0.5221371944317945,0.2721040408891673,0.0222738305263403,0.4882926645272776,0,0,0,0,0,8.07514481972694e-05,0,0.0004053641386846,0,0,0,0,0,0,46.84403871079231,0,PSSCcomb,PSSCcomb0
352,0.4232257150481811,0.379807761144884,0.1270964214542114,0.3552901493551115,0,0,0,0,0,5.832616350398224e-05,0,0.0005987655854153,0,0,0,0,0,0,46.41310529773938,0,PSSCcomb,PSSCcomb0
353,-0.1137658331501731,0.6515189615015218,0.0024423000397653,0.7293061392989073,0,0,0,0,0,0.0001895827935737,0,0.000310095772172,0,0,0,0,0,0,46.704013074271245,0,PSSCcomb,PSSCcomb0
354,0.6126166965580238,0.1984003999885528,-0.0923284784579629,0.5715449818640557,0,0,0,0,0,5.1594376553655066e-05,0,0.0008479569893747,0,0,0,0,0,0,47.42773430900388,0,PSSCcomb,PSSCcomb0
355,0.5591339169641216,0.2876055520635359,0.0801093923069951,-0.0499938723324568,0,0,0,0,0,8.555354059728395e-05,0,0.0005644044750832,0,0,0,0,0,0,47.44516723431737,0,PSSCcomb,PSSCcomb0
356,0.3962628871074534,0.4480197327616655,0.0337830671126839,0.5559023735821809,0,0,0,0,0,5.3708495216180734e-05,0,0.0005614504816598,0,0,0,0,0,0,45.55993383012651,0,PSSCcomb,PSSCcomb0
357,0.4861387998895661,0.2343302149590758,-0.1304834430521606,0.7032950897781731,0,0,0,0,0,7.191615501303108e-05,0,0.0010298254967081,0,0,0,0,0,0,47.06846110049831,0,PSSCcomb,PSSCcomb0
358,0.5470935881330354,0.401394474987724,0.0066193292083922,0.3051587045498163,0,0,0,0,0,1.759248387828687e-05,0,0.0006622802850386,0,0,0,0,0,0,46.7652459982225,0,PSSCcomb,PSSCcomb0
359,0.9349940239838976,0.0112146899569647,-1.7750236515201236,0.5024628550172805,0,0,0,0,0,-2.7285101399191222e-05,0,0.0020262638281482,0,0,0,0,0,0,40.35060836823582,1,PSSCcomb,PSSCcomb1
360,0.9087950328202408,0.0341950396620638,-1.2656436516606604,0.4848177677647229,0,0,0,0,0,-4.500869363315268e-05,0,0.0021827709084031,0,0,0,0,0,0,43.93623824862463,1,PSSCcomb,PSSCcomb1
361,0.9670722473071742,0.0016583533259213,0.9442990797620604,0.9536542917600864,0,0,0,0,0,-2.853979728624501e-05,0,-0.0023841746346619,0,0,0,0,0,0,39.30870841578751,1,PSSCcomb,PSSCcomb1
362,0.9588220109350104,0.0312064556228377,-1.709170698376998,0.4345397502292809,0,0,0,0,0,-3.0753496300475084e-05,0,0.0015007360062495,0,0,0,0,0,0,39.927968585171485,1,PSSCcomb,PSSCcomb1
363,0.9315379760909636,-0.0011851124274899,1.97271653470766,0.3344832511816098,0,0,0,0,0,-2.750094262524665e-05,0,-0.0019031227450424,0,0,0,0,0,0,46.59081802051593,1,PSSCcomb,PSSCcomb1
364,0.9494433617516824,-0.0191882968165804,1.1325638167445304,0.7493269982613517,0,0,0,0,0,-2.648300509051762e-05,0,-0.0002979626050712,0,0,0,0,0,0,44.59411296891102,1,PSSCcomb,PSSCcomb1
365,1.0363671756853967,0.0264450559022595,-1.5552880896192465,0.3028527717207603,0,0,0,0,0,-8.377155154409073e-05,0,0.001136230675057,0,0,0,0,0,0,47.06243942996438,1,PSSCcomb,PSSCcomb1
366,0.926355303741591,0.0330064477231473,-1.867047202839749,0.2713747094700429,0,0,0,0,0,-3.8027206966967775e-05,0,-0.0007960656107992,0,0,0,0,0,0,44.80110120729139,1,PSSCcomb,PSSCcomb1
367,0.9003149333972487,0.0193783232656143,-1.902284926767136,0.4286584256672512,0,0,0,0,0,-2.381033878311776e-05,0,0.0066546144019189,0,0,0,0,0,0,43.50744545495371,1,PSSCcomb,PSSCcomb1
368,0.9122221558692014,0.102425705668069,-0.9712718001930734,0.3151583017750479,0,0,0,0,0,-4.449046394400735e-05,0,0.0002526632995787,0,0,0,0,0,0,46.87059983347765,1,PSSCcomb,PSSCcomb1
369,0.9843225135394156,0.0300629825468705,-1.3704012415298052,0.2537147193260471,0,0,0,0,0,-6.330506142505109e-05,0,0.0019933246804286,0,0,0,0,0,0,45.00673956261805,1,PSSCcomb,PSSCcomb1
370,0.9160895401214416,0.0133803470902726,-1.4317359809666224,0.5995587512110694,0,0,0,0,0,-4.540306402264392e-05,0,0.0077409442587919,0,0,0,0,0,0,46.92316822749627,1,PSSCcomb,PSSCcomb1
371,0.8942588153359061,-0.0003576101027875,0.6865547415282478,0.8441477973005678,0,0,0,0,0,-3.770947868418486e-05,0,-0.0019731404445191,0,0,0,0,0,0,45.88850960368981,1,PSSCcomb,PSSCcomb1
372,0.9306965063539088,0.0172417961864037,-1.7701964266397612,0.3156173036042022,0,0,0,0,0,-3.381371350515672e-05,0,0.0023560577434394,0,0,0,0,0,0,41.77043956843544,1,PSSCcomb,PSSCcomb1
373,0.9235198647797228,0.0418636128154106,-1.4141446840532383,0.2549760524517892,0,0,0,0,0,-6.0463428891391735e-05,0,-0.0002367153562972,0,0,0,0,0,0,45.306427308600014,1,PSSCcomb,PSSCcomb1
374,0.8772232037916394,0.0915009280896219,-1.4495112213850263,0.0429345104913667,0,0,0,0,0,-1.627237411257323e-05,0,0.006301188064668,0,0,0,0,0,0,47.717063234265616,1,PSSCcomb,PSSCcomb1
375,0.9973938368704988,0.0319223028514366,-1.656393514421585,0.456053380295732,0,0,0,0,0,-2.5415545841558384e-05,0,-0.000701591490633,0,0,0,0,0,0,43.09365144638632,1,PSSCcomb,PSSCcomb1
376,0.9642488215199152,0.0401548959670909,-1.873864252214456,0.2541754844750277,0,0,0,0,0,-1.799346999648095e-05,0,0.0035760287288252,0,0,0,0,0,0,43.58481283223544,1,PSSCcomb,PSSCcomb1
377,0.998686912131156,0.0466443444358923,-1.4425898901466296,0.2903119203613102,0,0,0,0,0,-3.504385144945242e-05,0,-0.0004442147882195,0,0,0,0,0,0,46.42556575441714,1,PSSCcomb,PSSCcomb1
378,0.9944291151105928,0.0127197066867914,-1.95474353187994,0.5631780055807405,0,0,0,0,0,-2.767488714248938e-05,0,0.0044020760069954,0,0,0,0,0,0,41.84374043022621,1,PSSCcomb,PSSCcomb1
379,0.9822496605543152,0.0155683568252635,-1.7605521810294542,0.4116125279649485,0,0,0,0,0,-4.926916271023696e-05,0,0.0003679558327509,0,0,0,0,0,0,41.74132979668051,1,PSSCcomb,PSSCcomb1
380,0.9780652202315352,0.0125850860346847,0.9581506643532274,0.8052909034468918,0,0,0,0,0,-4.4468202719016814e-05,0,-0.0018607284315429,0,0,0,0,0,0,46.41423930777318,1,PSSCcomb,PSSCcomb1
381,0.9134969778101664,-0.0048217800903542,1.9670357012955968,1.028113874659481,0,0,0,0,0,-7.063348538382153e-06,0,-0.0023154357631555,0,0,0,0,0,0,43.43972305000003,1,PSSCcomb,PSSCcomb1
382,1.031944081153202,-0.0729912489327606,1.7403060162834696,0.1981898436038824,0,0,0,0,0,-2.51109631891086e-05,0,-0.0023864144952224,0,0,0,0,0,0,43.75787684925181,1,PSSCcomb,PSSCcomb1
383,0.9121599755727976,0.088526494962966,-1.065450562809302,0.3457323339134253,0,0,0,0,0,-4.836224474245341e-05,0,0.000625222474943,0,0,0,0,0,0,45.96370009482989,1,PSSCcomb,PSSCcomb1
384,1.008883537202076,0.0206501609986893,-1.4505135798795254,0.5309563162629383,0,0,0,0,0,-4.733108577857146e-05,0,0.0006746876275097,0,0,0,0,0,0,42.39668573225703,1,PSSCcomb,PSSCcomb1
385,0.9682267117128268,0.0110237673741551,-1.5927579972223145,0.4283905383050754,0,0,0,0,0,-5.070141558767738e-05,0,0.0007030364040084,0,0,0,0,0,0,41.365207481940274,1,PSSCcomb,PSSCcomb1
386,1.000172121581017,0.045324759419095,-1.7423895945359902,0.2616130299444235,0,0,0,0,0,-3.697097329982888e-05,0,-0.0007828369510218,0,0,0,0,0,0,40.03046766185719,1,PSSCcomb,PSSCcomb1
387,0.9856324805989748,0.0198265601052902,-1.7359471939306828,0.2644184046991396,0,0,0,0,0,-6.0349040990496006e-05,0,-0.0017135874815518,0,0,0,0,0,0,44.96255651796599,1,PSSCcomb,PSSCcomb1
388,0.9749311057630514,0.0560451791400513,-1.3520740538940066,0.3070282175754562,0,0,0,0,0,-6.258202410619509e-05,0,-0.0003456524886045,0,0,0,0,0,0,42.39738508307418,1,PSSCcomb,PSSCcomb1
389,0.9998114035167768,0.0978875469982165,-1.708562924196834,0.0977741715613409,0,0,0,0,0,-2.181423112823853e-05,0,-0.0017466681288881,0,0,0,0,0,0,46.208340784772936,1,PSSCcomb,PSSCcomb1
390,0.940799598511227,0.0465796420766042,-1.4420566309195038,0.452796787672566,0,0,0,0,0,-4.181160963624211e-05,0,0.0002288579928375,0,0,0,0,0,0,43.4760715212018,1,PSSCcomb,PSSCcomb1
391,0.9881253552090744,-0.0063923976579853,1.7756537113754436,0.9270816454090968,0,0,0,0,0,-1.395217167883971e-05,0,-0.0024285453893696,0,0,0,0,0,0,41.85930286370535,1,PSSCcomb,PSSCcomb1
392,1.0223854617122523,-0.0512500734018346,1.2492805728425909,0.5300552985419928,0,0,0,0,0,-3.016379797024591e-05,0,0.0010408549887039,0,0,0,0,0,0,44.220140184699474,1,PSSCcomb,PSSCcomb1
393,1.0143097922763138,0.0166493920263945,-1.6776783670320592,0.3893846977768702,0,0,0,0,0,-5.245292203102219e-05,0,0.0031276748084001,0,0,0,0,0,0,43.31653509849621,1,PSSCcomb,PSSCcomb1
394,0.9846719675668538,0.006581633626943,0.9250087511408788,0.9026809670800012,0,0,0,0,0,-3.172648406130043e-05,0,-0.0012794511530313,0,0,0,0,0,0,42.10288716653532,1,PSSCcomb,PSSCcomb1
395,0.993803220240394,0.084530894585356,-1.6418948578586443,0.1245187022716236,0,0,0,0,0,-3.188644442684938e-05,0,0.0032569754886301,0,0,0,0,0,0,45.051449264769474,1,PSSCcomb,PSSCcomb1
396,0.8996224575084324,0.0340766268173422,-1.5777494254222542,0.2993825161790431,0,0,0,0,0,-1.7926699487909348e-05,0,0.0060345302903652,0,0,0,0,0,0,47.08945152787558,1,PSSCcomb,PSSCcomb1
